,Player,Year,Pick
4545,Joe Barry Carroll,1980,1
4546,Darrell Griffith,1980,2
4547,Kevin McHale,1980,3
4548,Kelvin Ransey,1980,4
4549,James Ray,1980,5
4550,Mike O'Koren,1980,6
4551,Mike Gminski,1980,7
4552,Andrew Toney,1980,8
4553,Michael Brooks,1980,9
4554,Ronnie Lester,1980,10
4555,Kiki Vandeweghe,1980,11
4556,Mike Woodson,1980,12
4557,Rickey Brown,1980,13
4558,Wes Matthews,1980,14
4559,Reggie Johnson,1980,15
4560,Hawkeye Whitney,1980,16
4561,Larry Drew,1980,17
4562,Don Collins,1980,18
4563,John Duren,1980,19
4564,Bill Hanzlik,1980,20
4565,Monti Davis,1980,21
4566,Chad Kinch,1980,22
4567,Carl Nicks,1980,23
4568,Larry Smith,1980,24
4569,Jeff Ruland,1980,25
4570,Sam Worthen,1980,26
4571,John Stroud,1980,27
4572,Craig Shelton,1980,28
4573,Louis Orr,1980,29
4574,Kenny Natt,1980,30
4575,Wayne Robinson,1980,31
4576,David Lawrence,1980,32
4577,Bruce Collins,1980,33
4578,Roosevelt Bouie,1980,34
4579,Rick Mahorn,1980,35
4580,DeWayne Scales,1980,36
4581,Butch Carter,1980,37
4582,Terry Stotts,1980,38
4583,Michael Wiley,1980,39
4584,Dick Miller,1980,40
4585,Jawann Oldham,1980,41
4586,Kimberly Belton,1980,42
4587,Billy Williams,1980,43
4588,Clyde Austin,1980,44
4589,Brad Branson,1980,45
4590,Arnette Hallman,1980,46
4591,Kurt Nimphius,1980,47
4592,Eddie Lee,1980,48
4593,John Virgil,1980,49
4594,James Wilkes,1980,50
4595,Ronnie Valentine,1980,51
4596,Lowes Moore,1980,52
4597,Stuart House,1980,53
4598,Ron Perry,1980,54
4599,Wayne Abrams,1980,55
4600,Mike Harper,1980,56
4601,Dave Britton,1980,57
4602,Kurt Rambis,1980,58
4603,John Campbell,1980,59
4604,Lavon Mercer,1980,60
4605,Rich Yonakor,1980,61
4606,Tony Murphy,1980,62
4607,Al Beal,1980,63
4608,Jonathan Moore,1980,64
4609,Doug TRUE,1980,65
4610,Carl Bailey,1980,66
4611,Reggie Gaines,1980,67
4612,Ron Jones,1980,68
4613,Donald Newman,1980,69
4614,Darwin Cook,1980,70
4615,Robert Scott,1980,71
4616,Alan Taylor,1980,72
4617,Sammie Ellis,1980,73
4618,Ron Charles,1980,74
4619,Rory Sparrow,1980,75
4620,Ed Odom,1980,76
4621,Murray Brown,1980,77
4622,Rich Branning,1980,78
4623,Kelvin Henderson,1980,79
4624,David Johnson,1980,80
4625,Francois Wise,1980,81
4626,Joseph Chmelich,1980,82
4627,Calvin Roberts,1980,83
4628,Dean Hunger,1980,84
4629,Billy Bryant,1980,85
4630,Jeff Wolf,1980,86
4631,Tony Jackson,1980,87
4632,Leroy Stampley,1980,88
4633,Gary Ray Hooker,1980,89
4634,Harold Hubbard,1980,90
4635,Ron Baxter,1980,91
4636,Kevin Hamilton,1980,92
4637,Tony Fuller,1980,93
4638,Wally West,1980,94
4639,Don Carlino,1980,95
4640,Mike Campbell,1980,96
4641,James Patrick,1980,97
4642,Aaron Curry,1980,98
4643,Wally Rank,1980,99
4644,Joe Galvin,1980,100
4645,LaVon Williams,1980,101
4646,Larry Belin,1980,102
4647,Darrell Allums,1980,103
4648,William Carey,1980,104
4649,Daryl Strickland,1980,105
4650,Albert Jones,1980,106
4651,Gib Hinz,1980,107
4652,Kevin Blakley,1980,108
4653,Ken Jones,1980,109
4654,Mike Doyle,1980,110
4655,Mark Stevens,1980,111
4656,Lenny Horton,1980,112
4657,Jim Swaney,1980,113
4658,Rick Raivio,1980,114
4659,Rufus Harris,1980,115
4660,Tony Turner,1980,116
4661,Neil Bresnahan,1980,117
4662,Ken Cunningham,1980,118
4663,Ernie Hill,1980,119
4664,Bernard Rencher,1980,120
4665,Rick Mattick,1980,121
4666,Londale Theus,1980,122
4667,Antonio Martin,1980,123
4668,Randy Owens,1980,124
4669,Perry Mirkovich,1980,125
4670,Leroy Jackson,1980,126
4671,Ken Dancy,1980,127
4672,Kelvin Hicks,1980,128
4673,Dean Uthoff,1980,129
4674,Everette Jefferson,1980,130
4675,Trent Grooms,1980,131
4676,Alex Gilbert,1980,132
4677,Mike Zagardo,1980,133
4678,Coby Leavitt,1980,134
4679,Jim Strickland,1980,135
4680,Donald Cooper,1980,136
4681,Odis Boddie,1980,137
4682,Kenny Evans,1980,138
4683,Carl Pierce,1980,139
4684,Dave Colescott,1980,140
4685,Lorenzo Romar,1980,141
4686,Robert Byrd,1980,142
4687,Tommy Springer,1980,143
4688,Larry Spicer,1980,144
4689,Paul Anderson,1980,145
4690,Charles Naddaff,1980,146
4691,Leroy Berry,1980,147
4692,Gig Sims,1980,148
4693,Tony Forch,1980,149
4694,Bobby Turner,1980,150
4695,Karl Godine,1980,151
4696,Joe Nehls,1980,152
4697,Allan Zahn,1980,153
4698,Arnold McDowell,1980,154
4699,Ron White,1980,155
4700,Charles Hightower,1980,156
4701,Ron Williams,1980,157
4702,Carl Ervin,1980,158
4703,Richard Smith,1980,159
4704,Les Hanson,1980,160
4705,Leroy Loggins,1980,161
4706,Kurt Kanaskie,1980,162
4707,Jim Brandon,1980,163
4708,Modzel Greer,1980,164
4709,Lloyd Terry,1980,165
4710,Jim Ellinghausen,1980,166
4711,Steve Stielper,1980,167
4712,John Stroeder,1980,168
4713,Clarence Kea,1980,169
4714,Rich Valavicious,1980,170
4715,James Salters,1980,171
4716,Bill Bailey,1980,172
4717,Rosie Barnes,1980,173
4718,Keith Valentine,1980,174
4719,Jim Conolly,1980,175
4720,Al Dutch,1980,176
4721,Martin Lemelle,1980,177
4722,Melvin Hooker,1980,178
4723,Steve Wright,1980,179
4724,Terry Dupris,1980,180
4725,Paul Renfro,1980,181
4726,Billy Reid,1980,182
4727,Jay Shidler,1980,183
4728,Jim Graziano,1980,184
4729,Barry Young,1980,185
4730,Scott Rogers,1980,186
4731,Melvin Crafter,1980,187
4732,Rich Boucher,1980,188
4733,Ken Williams,1980,189
4734,Don Wiley,1980,190
4735,Clinton Wyatt,1980,191
4736,Al Williams,1980,192
4737,Charley Cole,1980,193
4738,Del Yarbrough,1980,194
4739,Stanley Lamb,1980,195
4740,Keith French,1980,196
4741,Jim Tillman,1980,197
4742,Luke Griffin,1980,198
4743,Brian Jung,1980,199
4744,Tim Higgins,1980,200
4745,Leroy Coleman,1980,201
4746,Earl Sango,1980,202
4747,Billy Foster,1980,203
4748,John Bates,1980,204
4749,Dave Kufeld,1980,205
4750,Tom Morgan,1980,206
4751,Don Youman,1980,207
4752,Gerald Ross,1980,208
4753,Steve Schall,1980,209
4754,Melvin Crayton,1980,210
4755,Randy Carroll,1980,211
4756,Kent Williams,1980,212
4757,Joe Hand,1980,213
4758,John Nolan,1980,214
4759,Mark Aguirre,1981,1
4760,Isiah Thomas,1981,2
4761,Buck Williams,1981,3
4762,Al Wood,1981,4
4763,Danny Vranes,1981,5
4764,Orlando Woolridge,1981,6
4765,Steve Johnson,1981,7
4766,Tom Chambers,1981,8
4767,Rolando Blackman,1981,9
4768,Albert King,1981,10
4769,Frank Johnson,1981,11
4770,Kelly Tripucka,1981,12
4771,Danny Schayes,1981,13
4772,Herb Williams,1981,14
4773,Jeff Lamp,1981,15
4774,Darnell Valentine,1981,16
4775,Kevin Loder,1981,17
4776,Ray Tolbert,1981,18
4777,Mike McGee,1981,19
4778,Larry Nance,1981,20
4779,Alton Lister,1981,21
4780,Franklin Edwards,1981,22
4781,Charles Bradley,1981,23
4782,Jay Vincent,1981,24
4783,Tracy Jackson,1981,25
4784,Brian Jackson,1981,26
4785,Howard Wood,1981,27
4786,Gene Banks,1981,28
4787,Eddie Johnson,1981,29
4788,Ed Rains,1981,30
4789,Danny Ainge,1981,31
4790,Mike Olliver,1981,32
4791,Sam Williams,1981,33
4792,Ken Green,1981,34
4793,Charles Davis,1981,35
4794,Ray Blume,1981,36
4795,Al Leslie,1981,37
4796,Clyde Bradshaw,1981,38
4797,Harvey Knuckles,1981,39
4798,Greg Cook,1981,40
4799,Claude Gregory,1981,41
4800,Elvis Rolle,1981,42
4801,Elston Turner,1981,43
4802,Steve Lingenfelter,1981,44
4803,Ed Turner,1981,45
4804,Vernon Smith,1981,46
4805,Art Housey,1981,47
4806,Mike Ferrara,1981,48
4807,David Burns,1981,49
4808,Derek Holcomb,1981,50
4809,Zam Fredrick,1981,51
4810,Rudy Macklin,1981,52
4811,Mark Radford,1981,53
4812,Jim Smith,1981,54
4813,Mickey Dillard,1981,55
4814,Carlton Neverson,1981,56
4815,Frank Brickowski,1981,57
4816,Curtis Berry,1981,58
4817,Russell Bowers,1981,59
4818,Purvis Miller,1981,60
4819,Petur Gudmundsson,1981,61
4820,Sam Clancy,1981,62
4821,Wayne McKoy,1981,63
4822,Tom Baker,1981,64
4823,Ron Cornelius,1981,65
4824,Craig Dykema,1981,66
4825,Mark Smith,1981,67
4826,Ernest Graham,1981,68
4827,John Johnson,1981,69
4828,Eddie Moss,1981,70
4829,John May,1981,71
4830,Edmund Sherod,1981,72
4831,George Torres,1981,73
4832,Ethan Martin,1981,74
4833,Kevin Figaro,1981,75
4834,Lewis Lloyd,1981,76
4835,Lee Raker,1981,77
4836,Kenny Dennard,1981,78
4837,Ron Davis,1981,79
4838,Terry Adolph,1981,80
4839,Larry Spriggs,1981,81
4840,B. B. Davis,1981,82
4841,Rolando Frazier,1981,83
4842,Oliver Lee,1981,84
4843,Pete Verhoeven,1981,85
4844,Alex Bradley,1981,86
4845,Earl Belcher,1981,87
4846,Kevin McKenna,1981,88
4847,Don Koonce,1981,89
4848,Kris Anderson,1981,90
4849,Stanley Williams,1981,91
4850,Rynn Wright,1981,92
4851,Pete Budko,1981,93
4852,George DeVone,1981,94
4853,Joe Cooper,1981,95
4854,Ken Page,1981,96
4855,Mike Clark,1981,97
4856,Steve Krafscisin,1981,98
4857,Andra Griffin,1981,99
4858,Dennis Isbell,1981,100
4859,Willie Sims,1981,101
4860,Hank McDowell,1981,102
4861,Garry Witts,1981,103
4862,U. S. Reed,1981,104
4863,Hasan Houston,1981,105
4864,George Peterson,1981,106
4865,Herb Andrew,1981,107
4866,Johnny Nash,1981,108
4867,Jim Wright,1981,109
4868,Mike Rhodes,1981,110
4869,Craig Watts,1981,111
4870,Paul Heuerman,1981,112
4871,Kelvin Troy,1981,113
4872,Steve Craig,1981,114
4873,Glen Grunwald,1981,115
4874,Karl Bakowski,1981,116
4875,Vince Brookins,1981,117
4876,Kevin Lynam,1981,118
4877,Kevin Sprewer,1981,119
4878,Aaron Strayhorn,1981,120
4879,Darryl Warwick,1981,121
4880,Earl Banks,1981,122
4881,Mike Pepper,1981,123
4882,Alonzo Weatherley,1981,124
4883,Robert Williams,1981,125
4884,Carter Scott,1981,126
4885,Fred Cowan,1981,127
4886,Brian Walker,1981,128
4887,Robert Fronk,1981,129
4888,Roger Burkman,1981,130
4889,Roshern Arnie,1981,131
4890,John Blair,1981,132
4891,Norman Shavers,1981,133
4892,Kevin Singleton,1981,134
4893,Pete Harris,1981,135
4894,Jo Jo Hunter,1981,136
4895,Steve Waite,1981,137
4896,Michael Thomas,1981,138
4897,Danny Davis,1981,139
4898,Greg Nance,1981,140
4899,Rod Robertson,1981,141
4900,Andre Smith,1981,142
4901,Mike Robinson,1981,143
4902,Kevin Vesey,1981,144
4903,Tom Sienkiewicz,1981,145
4904,Randy Johnson,1981,146
4905,Greg Manning,1981,147
4906,Robby Dosty,1981,148
4907,Randy Martel,1981,149
4908,Clinton Wheeler,1981,150
4909,Joe Faine,1981,151
4910,Larry McKinney,1981,152
4911,Julius Wayne,1981,153
4912,Scott Williams,1981,154
4913,Terry Cramer,1981,155
4914,Mark Minderman,1981,156
4915,Larry Petty,1981,157
4916,David Williams,1981,158
4917,Lewis Latimore,1981,159
4918,John Crawford,1981,160
4919,Tom Seaman,1981,161
4920,David Kennedy,1981,162
4921,Joe Schoen,1981,163
4922,Ken Webb,1981,164
4923,Bobby Cattage,1981,165
4924,Glen Marcus,1981,166
4925,Gilbert Salinas,1981,167
4926,Todd Haynes,1981,168
4927,Curtis Redding,1981,169
4928,Mike Howard,1981,170
4929,Yasutaka Okayama,1981,171
4930,Stanley Brewer,1981,172
4931,Randy Smithson,1981,173
4932,Len Hatzenbeller,1981,174
4933,Ben Mitchell,1981,175
4934,John Smith,1981,176
4935,Brian O'Connor,1981,177
4936,Bob Bartholomew,1981,178
4937,Jay Triano,1981,179
4938,Steve Risley,1981,180
4939,Mike Brkovich,1981,181
4940,George Morrow,1981,182
4941,Frank Gilroy,1981,183
4942,John Hollinden,1981,184
4943,Eddie Baker,1981,185
4944,Rudy Williams,1981,186
4945,Paul Roba,1981,187
4946,Ken Ollie,1981,188
4947,Howard Thompkins,1981,189
4948,Art Jones,1981,190
4949,Andrew Burton,1981,191
4950,Doug Murrey,1981,192
4951,Eddie Brown,1981,193
4952,Mike Perry,1981,194
4953,Scott Whitley,1981,195
4954,Sid Williams,1981,196
4955,Terry Martin,1981,197
4956,Marty Headd,1981,198
4957,Leonel Marquetti,1981,199
4958,Brian Johnson,1981,200
4959,Chip Rucker,1981,201
4960,Ron Wister,1981,202
4961,Greg McCray,1981,203
4962,Scott Bosanko,1981,204
4963,Melvin Maxwell,1981,205
4964,Vic Sison,1981,206
4965,Joe Merten,1981,207
4966,Greg Boone,1981,208
4967,Mike Frazier,1981,209
4968,Tony Gwynn,1981,210
4969,Derrick Rowland,1981,211
4970,Ralton Way,1981,212
4971,Barry Brooks,1981,213
4972,Mark Wilson,1981,214
4973,Rodney Benson,1981,215
4974,Kenny Easley,1981,216
4975,Steve Cochran,1981,217
4976,Kevin Rogers,1981,218
4977,Alvin Brooks,1981,219
4978,Felton Sealey,1981,220
4979,Artie Green,1981,221
4980,Ken Matthews,1981,222
4981,Pete Mullenberg,1981,223
4982,James Worthy,1982,1
4983,Terry Cummings,1982,2
4984,Dominique Wilkins,1982,3
4985,Bill Garnett,1982,4
4986,LaSalle Thompson,1982,5
4987,Trent Tucker,1982,6
4988,Quintin Dailey,1982,7
4989,Clark Kellogg,1982,8
4990,Cliff Levingston,1982,9
4991,Keith Edmonson,1982,10
4992,Fat Lever,1982,11
4993,John Bagley,1982,12
4994,Sleepy Floyd,1982,13
4995,Lester Conner,1982,14
4996,David Thirdkill,1982,15
4997,Terry Teagle,1982,16
4998,Brook Steppe,1982,17
4999,Ricky Pierce,1982,18
5000,Rob Williams,1982,19
5001,Paul Pressey,1982,20
5002,Eddie Phillips,1982,21
5003,Mark McNamara,1982,22
5004,Darren Tillis,1982,23
5005,Oliver Robinson,1982,24
5006,Bryan Warrick,1982,25
5007,Ricky Frazier,1982,26
5008,Fred Roberts,1982,27
5009,Dave Magley,1982,28
5010,Scott Hastings,1982,29
5011,Wallace Bryant,1982,30
5012,Rod Higgins,1982,31
5013,Richard Anderson,1982,32
5014,Linton Townes,1982,33
5015,Vince Taylor,1982,34
5016,Derek Smith,1982,35
5017,J.J. Anderson,1982,36
5018,Audie Norris,1982,37
5019,Wayne Sappleton,1982,38
5020,Kevin Magee,1982,39
5021,Guy Morgan,1982,40
5022,Dwight Anderson,1982,41
5023,Jeff Taylor,1982,42
5024,Jose Slaughter,1982,43
5025,Mike Gibson,1982,44
5026,Russ Schoene,1982,45
5027,Tony Guy,1982,46
5028,Michael Wilson,1982,47
5029,Craig Hodges,1982,48
5030,Steve Trumbo,1982,49
5031,Corny Thompson,1982,50
5032,Jim Johnstone,1982,51
5033,Dan Caldwell,1982,52
5034,Tyrone Adams,1982,53
5035,Willie Jones,1982,54
5036,Jerry Eaves,1982,55
5037,Joe Kopicki,1982,56
5038,Craig Tucker,1982,57
5039,Mike Largey,1982,58
5040,Jimmy Black,1982,59
5041,Chris Engler,1982,60
5042,Charles Pittman,1982,61
5043,Roylin Bond,1982,62
5044,Chuck Nevitt,1982,63
5045,Willie Redden,1982,64
5046,John Greig,1982,65
5047,Phillip Lockett,1982,66
5048,Mike Hackett,1982,67
5049,Dale Solomon,1982,68
5050,Perry Moss,1982,69
5051,Reggie Hannah,1982,70
5052,Darius Clemons,1982,71
5053,Mark Eaton,1982,72
5054,Rudy Woods,1982,73
5055,Mike Sanders,1982,74
5056,Norm Anchrum,1982,75
5057,Chuck Aleksinas,1982,76
5058,Jeff Jones,1982,77
5059,Walker Russell,1982,78
5060,Eric Smith,1982,79
5061,James Griffin,1982,80
5062,Dino Gregory,1982,81
5063,Tony Brown,1982,82
5064,Ken Stancell,1982,83
5065,Alford Turner,1982,84
5066,Andre Gaddy,1982,85
5067,Rory White,1982,86
5068,Tony Grier,1982,87
5069,Ken Owens,1982,88
5070,Jerry Beck,1982,89
5071,Craig McCormick,1982,90
5072,Bruce Atkins,1982,91
5073,Greg Stewart,1982,92
5074,Terry White,1982,93
5075,Gary Carter,1982,94
5076,Mike McKay,1982,95
5077,Ken Arnold,1982,96
5078,Ken Simpson,1982,97
5079,Aaron Howard,1982,98
5080,Rubin Jackson,1982,99
5081,Rich DiBenedetto,1982,100
5082,John Ebeling,1982,101
5083,Mark Hall,1982,102
5084,Cherokee Rhone,1982,103
5085,Clarence Dickerson,1982,104
5086,Chris Giles,1982,105
5087,Albert Irving,1982,106
5088,Jeff Schneider,1982,107
5089,Marvin McCrary,1982,108
5090,Bill Duffy,1982,109
5091,Clarence Swannegan,1982,110
5092,Rod Camp,1982,111
5093,Jerry Davis,1982,112
5094,Howard McNeill,1982,113
5095,Donald Mason,1982,114
5096,William Brown,1982,115
5097,Vince Reynolds,1982,116
5098,Eric Marbury,1982,117
5099,Alvin Jackson,1982,118
5100,Wayne Waggoner,1982,119
5101,Poncho Wright,1982,120
5102,Mike Kanieski,1982,121
5103,B. B. Fontenet,1982,122
5104,Jeff Clark,1982,123
5105,Gary Holmes,1982,124
5106,Leo Cunningham,1982,125
5107,Jay Bruchak,1982,126
5108,Byron Williams,1982,127
5109,Mel Daniel,1982,128
5110,David Vann,1982,129
5111,Jake Bethany,1982,130
5112,Chris Brust,1982,131
5113,Don Wilson,1982,132
5114,Jaime Pena,1982,133
5115,Bobby Potts,1982,134
5116,Tony Carr,1982,135
5117,Lynden Rose,1982,136
5118,Kevin Boyle,1982,137
5119,John Schweitz,1982,138
5120,Randy Reed,1982,139
5121,Eddie Hughes,1982,140
5122,Thad Gardner,1982,141
5123,Bob Grady,1982,142
5124,Perry Range,1982,143
5125,Phil Seymore,1982,144
5126,Chuck Verderber,1982,145
5127,Brad Leaf,1982,146
5128,Dean Marquardt,1982,147
5129,Horace Wyatt,1982,148
5130,Terry Long,1982,149
5131,Wendell Gibson,1982,150
5132,Tony Anderson,1982,151
5133,Matt Waldron,1982,152
5134,Jeb Barlow,1982,153
5135,Mike Helms,1982,154
5136,Phil Ward,1982,155
5137,Delonte Taylor,1982,156
5138,Allen Rayhorn,1982,157
5139,Bobby Austin,1982,158
5140,Maurice Williams,1982,159
5141,Keith Hilliard,1982,160
5142,Phil Collins,1982,161
5143,Monty Knight,1982,162
5144,Jacques Tuz,1982,163
5145,Rick Campbell,1982,164
5146,Keith Peterson,1982,165
5147,Ed Nealy,1982,166
5148,Dan Terwilliger,1982,167
5149,Mike Burns,1982,168
5150,Donald Reese,1982,169
5151,Brian Nyenhuis,1982,170
5152,Dave Porter,1982,171
5153,James Ratiff,1982,172
5154,Ken Luck,1982,173
5155,Otis Jackson,1982,174
5156,Mark King,1982,175
5157,Dan Callandrillo,1982,176
5158,Rick Elrod,1982,177
5159,Donny Speer,1982,178
5160,Chris Faggi,1982,179
5161,Steve Burks,1982,180
5162,Bryan Leonard,1982,181
5163,Micah Blunt,1982,182
5164,Donald Seals,1982,183
5165,Ed Spriggs,1982,184
5166,Tony Hafley,1982,185
5167,John Hegwood,1982,186
5168,Riley Clarida,1982,187
5169,Ralph McPherson,1982,188
5170,Jack Moore,1982,189
5171,Merle Scott,1982,190
5172,Skip Dillard,1982,191
5173,Mike Scearce,1982,192
5174,Kevin Smith,1982,193
5175,Pierre Bland,1982,194
5176,Mark Dearborn,1982,195
5177,James Terry,1982,196
5178,Gary Johnson,1982,197
5179,Nick Morken,1982,198
5180,Ken Lyles,1982,199
5181,Dean Sears,1982,200
5182,Harry O'Brien,1982,201
5183,Robert Tate,1982,202
5184,Tim Byrne,1982,203
5185,George Melton,1982,204
5186,Panayoti Giannakis,1982,205
5187,Durand Walker,1982,206
5188,Daryl Stovall,1982,207
5189,Michael Edwards,1982,208
5190,Albert Culton,1982,209
5191,Robert Estes,1982,210
5192,John Leonard,1982,211
5193,Tony Britto,1982,212
5194,Craig Summers,1982,213
5195,David Coulthard,1982,214
5196,Grant Taylor,1982,215
5197,Ronnie McAdoo,1982,216
5198,Donald Sinclair,1982,217
5199,Sean Tuohy,1982,218
5200,Randy Whieldon,1982,219
5201,Mike Phillips,1982,220
5202,Dale Wilkinson,1982,221
5203,Keith White,1982,222
5204,Bob Coenen,1982,223
5205,Randy Burkert,1982,224
5206,Landon Turner,1982,225
5207,Ralph Sampson,1983,1
5208,Steve Stipanovich,1983,2
5209,Rodney McCray,1983,3
5210,Byron Scott,1983,4
5211,Sidney Green,1983,5
5212,Russell Cross,1983,6
5213,Thurl Bailey,1983,7
5214,Antoine Carr,1983,8
5215,Dale Ellis,1983,9
5216,Jeff Malone,1983,10
5217,Derek Harper,1983,11
5218,Darrell Walker,1983,12
5219,Ennis Whatley,1983,13
5220,Clyde Drexler,1983,14
5221,Howard Carter,1983,15
5222,Jon Sundvold,1983,16
5223,Leo Rautins,1983,17
5224,Randy Breuer,1983,18
5225,John Paxson,1983,19
5226,Roy Hinson,1983,20
5227,Greg Kite,1983,21
5228,Randy Wittman,1983,22
5229,Mitchell Wiggins,1983,23
5230,Stewart Granger,1983,24
5231,Sidney Lowe,1983,25
5232,Leroy Combs,1983,26
5233,John Garris,1983,27
5234,Rod Foster,1983,28
5235,Larry Micheaux,1983,29
5236,Mark West,1983,30
5237,Doc Rivers,1983,31
5238,Michael Britt,1983,32
5239,Dirk Minniefield,1983,33
5240,Guy Williams,1983,34
5241,Darrell Lockhart,1983,35
5242,Scooter McCray,1983,36
5243,David Russell,1983,37
5244,Chris McNealy,1983,38
5245,Granville Waiters,1983,39
5246,Jim Thomas,1983,40
5247,Ted Kitchel,1983,41
5248,Mike Davis,1983,42
5249,Pace Mannion,1983,43
5250,Horace Owens,1983,44
5251,Paul Williams,1983,45
5252,Kevin Williams,1983,46
5253,Ken Lyons,1983,47
5254,Craig Ehlo,1983,48
5255,Greg Jones,1983,49
5256,Paul Thompson,1983,50
5257,Derek Whittenburg,1983,51
5258,Winfred King,1983,52
5259,Mike Holton,1983,53
5260,Bob Hansen,1983,54
5261,Erich Santifer,1983,55
5262,Larry Anderson,1983,56
5263,Darren Daye,1983,57
5264,John Pinone,1983,58
5265,Bruce Kuczenski,1983,59
5266,Steve Harriel,1983,60
5267,David Little,1983,61
5268,Tom Piotrowski,1983,62
5269,Frank Burnell,1983,63
5270,Claude Riley,1983,64
5271,Billy Goodwin,1983,65
5272,Les Craft,1983,66
5273,Derrick Hord,1983,67
5274,Craig Robinson,1983,68
5275,Orlando Phillips,1983,69
5276,Dan Ruland,1983,70
5277,Darrell Browder,1983,71
5278,Terry Fair,1983,72
5279,Dwight Jones,1983,73
5280,Kalpatrick Wells,1983,74
5281,Ron Crevier,1983,75
5282,Doug Arnold,1983,76
5283,Peter Thibeaux,1983,77
5284,Steve Bouchie,1983,78
5285,Johnny Martin,1983,79
5286,Dan Gay,1983,80
5287,Harry Kelley,1983,81
5288,Mark Jones,1983,82
5289,York Gross,1983,83
5290,Mike Jackson,1983,84
5291,Tim Dunham,1983,85
5292,Pete DeBisschop,1983,86
5293,Barney Mines,1983,87
5294,Mark Nickens,1983,88
5295,Sam Mosley,1983,89
5296,Brant Weidner,1983,90
5297,Carlos Clark,1983,91
5298,Terry Lewis,1983,92
5299,Craig Robinson,1983,93
5300,Chuck Barnett,1983,94
5301,Roger Stieg,1983,95
5302,Chris Logan,1983,96
5303,Manute Bol,1983,97
5304,Tim Andree,1983,98
5305,Greg Hines,1983,99
5306,Matt Clark,1983,100
5307,Ken Austin,1983,101
5308,Jim Lampley,1983,102
5309,Robin Dixon,1983,103
5310,Charles Jones,1983,104
5311,Troy Lee Mikell,1983,105
5312,Lorenza Andrews,1983,106
5313,James Braddock,1983,107
5314,Gary Monroe,1983,108
5315,Brad Watson,1983,109
5316,Tyren Naulls,1983,110
5317,Mark Petteway,1983,111
5318,Jeff Pehl,1983,112
5319,Rick Lamb,1983,113
5320,Bob Reitz,1983,114
5321,Danny Dixon,1983,115
5322,Mike Milligan,1983,116
5323,Jim Stack,1983,117
5324,Cliff Pruitt,1983,118
5325,Mel McLaughlin,1983,119
5326,Russell Todd,1983,120
5327,Ernest Patterson,1983,121
5328,Fred Gilliam,1983,122
5329,Tom Heywood,1983,123
5330,Derek Perry,1983,124
5331,Billy Allen,1983,125
5332,Donald Carroll,1983,126
5333,Tom Bethea,1983,127
5334,Tony Simms,1983,128
5335,Glenn Green,1983,129
5336,Alvis Rogers,1983,130
5337,Derrick Pope,1983,131
5338,Tony Wilson,1983,132
5339,Oscar Taylor,1983,133
5340,Charles Hurt,1983,134
5341,Edward Bona,1983,135
5342,Ricky Hooker,1983,136
5343,Paul Atkins,1983,137
5344,Mark Steele,1983,138
5345,Sedale Threatt,1983,139
5346,Brian Kellerman,1983,140
5347,Tony Brown,1983,141
5348,John Columbo,1983,142
5349,Dan Evans,1983,143
5350,Jacque Hill,1983,144
5351,Peter Williams,1983,145
5352,Joe Kazanowski,1983,146
5353,Rob Gonzalez,1983,147
5354,Terrell Schlundt,1983,148
5355,Danny Womack,1983,149
5356,Lex Drum,1983,150
5357,Desi Barimore,1983,151
5358,Dane Suttle,1983,152
5359,Maurice McDaniel,1983,153
5360,Paul Little,1983,154
5361,Tony Gattis,1983,155
5362,Keith Bennett,1983,156
5363,Anthony Hicks,1983,157
5364,Keith Williams,1983,158
5365,Fred Brown,1983,159
5366,Ron Jackson,1983,160
5367,Ricky Mixon,1983,161
5368,Tony Bruin,1983,162
5369,Jeff Bolding,1983,163
5370,Ray McCallum,1983,164
5371,Larry Tucker,1983,165
5372,Mark Gannon,1983,166
5373,Terry Bradley,1983,167
5374,Michael McCombs,1983,168
5375,Doug Harris,1983,169
5376,George Wenzel,1983,170
5377,Bill Sadler,1983,171
5378,Bernard Perry,1983,172
5379,George Thomas,1983,173
5380,Mike Lang,1983,174
5381,Cliff Tribus,1983,175
5382,Preston Neumayr,1983,176
5383,Frank Smith,1983,177
5384,Ray Smith,1983,178
5385,Joe Myers,1983,179
5386,Brett Burkholder,1983,180
5387,Mike Mulquin,1983,181
5388,Norville Brown,1983,182
5389,Trent Johnson,1983,183
5390,Gordon Austin,1983,184
5391,James Campbell,1983,185
5392,Lynn Mitchem,1983,186
5393,Joe Brown,1983,187
5394,David Maxwell,1983,188
5395,Ray Orange,1983,189
5396,Greg Goorjiam,1983,190
5397,Ron Webb,1983,191
5398,Marlow McLain,1983,192
5399,Sherrod Arnold,1983,193
5400,Ricky Moreland,1983,194
5401,Wil Kotchery,1983,195
5402,Charles Jones,1983,196
5403,Bernard Hill,1983,197
5404,Bobby Van Noy,1983,198
5405,Phil Hopson,1983,199
5406,Tony Washington,1983,200
5407,Kevin Black,1983,201
5408,Bill Varner,1983,202
5409,Gary Gaspard,1983,203
5410,Joe Dykstra,1983,204
5411,John Rice,1983,205
5412,Charles Fisher,1983,206
5413,Mark Smed,1983,207
5414,Jon Hanley,1983,208
5415,Keith Smith,1983,209
5416,Tom Emma,1983,210
5417,Odell Mosteller,1983,211
5418,Michael Zeno,1983,212
5419,Ike Person,1983,213
5420,Clyde Corley,1983,214
5421,Isiah Singletary,1983,215
5422,Ronnie Carr,1983,216
5423,Bernard Randolph,1983,217
5424,Cleveland McCrae,1983,218
5425,Aaron Haskins,1983,219
5426,Russ Christianson,1983,220
5427,David Binion,1983,221
5428,Rich Simkus,1983,222
5429,Bob Kelly,1983,223
5430,Bo Overton,1983,224
5431,Lamar Heard,1983,225
5432,Andy Kupec,1983,226
5433,Hakeem Olajuwon,1984,1
5434,Sam Bowie,1984,2
5435,Michael Jordan,1984,3
5436,Sam Perkins,1984,4
5437,Charles Barkley,1984,5
5438,Melvin Turpin,1984,6
5439,Alvin Robertson,1984,7
5440,Lancaster Gordon,1984,8
5441,Otis Thorpe,1984,9
5442,Leon Wood,1984,10
5443,Kevin Willis,1984,11
5444,Tim McCormick,1984,12
5445,Jay Humphries,1984,13
5446,Michael Cage,1984,14
5447,Terence Stansbury,1984,15
5448,John Stockton,1984,16
5449,Jeff Turner,1984,17
5450,Vern Fleming,1984,18
5451,Bernard Thompson,1984,19
5452,Tony Campbell,1984,20
5453,Kenny Fields,1984,21
5454,Tom Sewell,1984,22
5455,Earl Jones,1984,23
5456,Michael Young,1984,24
5457,Devin Durrant,1984,25
5458,Victor Fleming,1984,26
5459,Ron Anderson,1984,27
5460,Cory Blackwell,1984,28
5461,Stuart Gray,1984,29
5462,Steve Burtt,1984,30
5463,Jay Murphy,1984,31
5464,Eric Turner,1984,32
5465,Steve Colter,1984,33
5466,Tony Costner,1984,34
5467,Othell Wilson,1984,35
5468,Charles Jones,1984,36
5469,Ben Coleman,1984,37
5470,Charlie Sitton,1984,38
5471,Danny Young,1984,39
5472,Anthony Teachey,1984,40
5473,Tom Sluby,1984,41
5474,Willie White,1984,42
5475,Greg Wiltjer,1984,43
5476,Fred Reynolds,1984,44
5477,Gary Plummer,1984,45
5478,Jerome Kersey,1984,46
5479,Ronnie Williams,1984,47
5480,James Banks,1984,48
5481,Tim Dillon,1984,49
5482,Ben McDonald,1984,50
5483,Jim Petersen,1984,51
5484,Terry Williams,1984,52
5485,Ricky Ross,1984,53
5486,Roosevelt Chapman,1984,54
5487,Lewis Jackson,1984,55
5488,Jeff Allen,1984,56
5489,Joe Binion,1984,57
5490,Bobby Parks,1984,58
5491,Murray Jarman,1984,59
5492,Leonard Mitchell,1984,60
5493,Jeff Cross,1984,61
5494,David Pope,1984,62
5495,Yommy Sangodeyi,1984,63
5496,Curtis Green,1984,64
5497,Tim Kearney,1984,65
5498,Kevin Springman,1984,66
5499,Vernon Delancy,1984,67
5500,Butch Graves,1984,68
5501,George Singleton,1984,69
5502,Rick Carlisle,1984,70
5503,Ralph Jackson,1984,71
5504,Melvin Johnson,1984,72
5505,Art Aaron,1984,73
5506,Willie Jackson,1984,74
5507,Marc Glass,1984,75
5508,Jim Grandholm,1984,76
5509,Mark Halsel,1984,77
5510,John Devereaux,1984,78
5511,Karl Tilleman,1984,79
5512,Carl Henry,1984,80
5513,Dickie Beal,1984,81
5514,Jeff Collins,1984,82
5515,Jeff Jenkins,1984,83
5516,John Horrocks,1984,84
5517,Hank Cornley,1984,85
5518,Jim Rowinski,1984,86
5519,Bob Thornton,1984,87
5520,Brett Applegate,1984,88
5521,Phillip Smith,1984,89
5522,Ozell Jones,1984,90
5523,Earl Harrison,1984,91
5524,John Revelli,1984,92
5525,Kevin Mullin,1984,93
5526,Gene Smith,1984,94
5527,Lamont Robinson,1984,95
5528,Vince Hinchen,1984,96
5529,Al McClain,1984,97
5530,Alonza Allen,1984,98
5531,Cohn Irish,1984,99
5532,Eric Richardson,1984,100
5533,Steve Bartek,1984,101
5534,Jim Foster,1984,102
5535,Prince Bridges,1984,103
5536,Terry Martin,1984,104
5537,Bill Flye,1984,105
5538,Eli Pasquale,1984,106
5539,Dave Williams,1984,107
5540,Marcus Gaither,1984,108
5541,Michael Gerren,1984,109
5542,Scott McCollum,1984,110
5543,Mike Whitmarsh,1984,111
5544,Rick Doyle,1984,112
5545,Ernie Floyd,1984,113
5546,Dan Federman,1984,114
5547,Lance Berwald,1984,115
5548,Todd Orlando,1984,116
5549,Clyde Vaughn,1984,117
5550,Jeff Tipton,1984,118
5551,Matt Doherty,1984,119
5552,McKinley Singleton,1984,120
5553,Phillip Haynes,1984,121
5554,Blaise Bugajeski,1984,122
5555,Tony Martin,1984,123
5556,Dion Brown,1984,124
5557,Willie Burton,1984,125
5558,Bruce Vanley,1984,126
5559,Jim Master,1984,127
5560,Herman Veal,1984,128
5561,Graylin Warner,1984,129
5562,LaVerne Evans,1984,130
5563,Oscar Schmidt,1984,131
5564,Chris Harrison,1984,132
5565,Eddie Lee Wilkins,1984,133
5566,Lance Ball,1984,134
5567,Rennie Bailey,1984,135
5568,Mike Reddick,1984,136
5569,Gary Springer,1984,137
5570,Keith Jones,1984,138
5571,Steve Carfino,1984,139
5572,Kenton Edelin,1984,140
5573,Butch Hays,1984,141
5574,Joe Jakubick,1984,142
5575,Joedy Gardner,1984,143
5576,David Brantley,1984,144
5577,Tim Garrett,1984,145
5578,Michael Pitts,1984,146
5579,Cliff Higgins,1984,147
5580,Chip Harris,1984,148
5581,Mark Simpson,1984,149
5582,Vince Martello,1984,150
5583,Raymond Crenshaw,1984,151
5584,Gary Gatewood,1984,152
5585,George Turner,1984,153
5586,Bob Evans,1984,154
5587,Sean Kerins,1984,155
5588,Ken Bannister,1984,156
5589,Victor Anger,1984,157
5590,Barry Francisco,1984,158
5591,Tony William,1984,159
5592,Rich Congo,1984,160
5593,Richard Haenisch,1984,161
5594,Mark Van Valkenburg,1984,162
5595,Tom Heitz,1984,163
5596,Brett Crawford,1984,164
5597,Elliot Beard,1984,165
5598,Greg Wolff,1984,166
5599,Jim McLoughlin,1984,167
5600,Darryl Odom,1984,168
5601,Paul Brozovich,1984,169
5602,Dan Tarkanian,1984,170
5603,Bill Wendlandt,1984,171
5604,Nate Rollins,1984,172
5605,Robert Brown,1984,173
5606,Mark Fothergill,1984,174
5607,Jerry McMillan,1984,175
5608,Leroy Sutton,1984,176
5609,Chris Winans,1984,177
5610,Eric Booker,1984,178
5611,Ricky Tunstall,1984,179
5612,Steve Flint,1984,180
5613,Dale Roberts,1984,181
5614,Brad Jergenson,1984,182
5615,Frank Dobbs,1984,183
5616,Champ Godboldt,1984,184
5617,Brian Martin,1984,185
5618,Calvin Pierce,1984,186
5619,John Shimko,1984,187
5620,Bill Coon,1984,188
5621,Dave Schultz,1984,189
5622,Mike Emanuel,1984,190
5623,Melvin Roseboro,1984,191
5624,Mitch Arnold,1984,192
5625,Greg Turner,1984,193
5626,Cecil Exum,1984,194
5627,Fred Brown,1984,195
5628,Buddy Cox,1984,196
5629,Mike Williams,1984,197
5630,John Tudor,1984,198
5631,Kelly Knight,1984,199
5632,Billy Ryan,1984,200
5633,Marc Marotta,1984,201
5634,Dennis Black,1984,202
5635,Ben Tower,1984,203
5636,Edwin Green,1984,204
5637,Michael Mitchell,1984,205
5638,Joe Dickson,1984,206
5639,Gary Carver,1984,207
5640,Carl Lewis,1984,208
5641,Darrell Space,1984,209
5642,Robert Turner,1984,210
5643,Dick Mumma,1984,211
5644,Glynn Myrick,1984,212
5645,Tim Bell,1984,213
5646,Frank Rodriguez,1984,214
5647,Dexter Bailey,1984,215
5648,Victor Coleman,1984,216
5649,Doug Mills,1984,217
5650,Ezra Hill,1984,218
5651,Greg Brandon,1984,219
5652,Napoleon Johnson,1984,220
5653,Phil Jamison,1984,221
5654,Mike Curran,1984,222
5655,Mike Henderson,1984,223
5656,Randy Dunn,1984,224
5657,Dan Pelekoudas,1984,225
5658,Mike Toomer,1984,226
5659,Martin Clark,1984,227
5660,Dan Trant,1984,228
5661,Patrick Ewing,1985,1
5662,Wayman Tisdale,1985,2
5663,Benoit Benjamin,1985,3
5664,Xavier McDaniel,1985,4
5665,Jon Koncak,1985,5
5666,Joe Kleine,1985,6
5667,Chris Mullin,1985,7
5668,Detlef Schrempf,1985,8
5669,Charles Oakley,1985,9
5670,Ed Pinckney,1985,10
5671,Keith Lee,1985,11
5672,Kenny Green,1985,12
5673,Karl Malone,1985,13
5674,Alfredrick Hughes,1985,14
5675,Blair Rasmussen,1985,15
5676,Bill Wennington,1985,16
5677,Uwe Blab,1985,17
5678,Joe Dumars,1985,18
5679,Steve Harris,1985,19
5680,Sam Vincent,1985,20
5681,Terry Catledge,1985,21
5682,Jerry Reynolds,1985,22
5683,A.C. Green,1985,23
5684,Terry Porter,1985,24
5685,Mike Smrek,1985,25
5686,Bill Martin,1985,26
5687,Dwayne McClain,1985,27
5688,Ken Johnson,1985,28
5689,Mike Brittain,1985,29
5690,Calvin Duncan,1985,30
5691,Manute Bol,1985,31
5692,Nick Vanos,1985,32
5693,Greg Stokes,1985,33
5694,Aubrey Sherrod,1985,34
5695,Tyrone Corbin,1985,35
5696,Yvon Joseph,1985,36
5697,Carey Scurry,1985,37
5698,Fernando Martin,1985,38
5699,George Montgomery,1985,39
5700,Mark Acres,1985,40
5701,Lorenzo Charles,1985,41
5702,Bobby Lee Hurt,1985,42
5703,Barry Stevens,1985,43
5704,Voise Winters,1985,44
5705,Hot Rod Williams,1985,45
5706,Adrian Branch,1985,46
5707,Gerald Wilkins,1985,47
5708,Kenny Patterson,1985,48
5709,Brad Wright,1985,49
5710,Leonard Allen,1985,50
5711,Charles Bradley,1985,51
5712,Anicet Lavodrama,1985,52
5713,Rolando Lamb,1985,53
5714,Sam Mitchell,1985,54
5715,Herb Johnson,1985,55
5716,Jerry Everett,1985,56
5717,Michael Payne,1985,57
5718,Vernon Moore,1985,58
5719,Sedric Toney,1985,59
5720,Andre Goode,1985,60
5721,Perry Young,1985,61
5722,Nigel Manuel,1985,62
5723,Harold Keeling,1985,63
5724,Richie Johnson,1985,64
5725,Ken Perry,1985,65
5726,Michael Adams,1985,66
5727,Steve Black,1985,67
5728,Eugene McDowell,1985,68
5729,Mike Brown,1985,69
5730,Andre Battle,1985,70
5731,Luster Goodwin,1985,71
5732,Vince Hamilton,1985,72
5733,Fred Cofield,1985,73
5734,Jim Deines,1985,74
5735,Alex Stivrins,1985,75
5736,Willie Simmons,1985,76
5737,Arvydas Sabonis,1985,77
5738,Granger Hall,1985,78
5739,Mark Davis,1985,79
5740,Craig Beard,1985,80
5741,Richie Adams,1985,81
5742,Scott Roth,1985,82
5743,Delaney Rudd,1985,83
5744,John Battle,1985,84
5745,Joe Atkinson,1985,85
5746,Bubba Jennings,1985,86
5747,Spud Webb,1985,87
5748,Mike Brooks,1985,88
5749,Pete Williams,1985,89
5750,Derrick Gervin,1985,90
5751,Cozell McQueen,1985,91
5752,Dexter Shouse,1985,92
5753,Cliff Weber,1985,93
5754,Kelvin Johnson,1985,94
5755,Greg Cavener,1985,95
5756,Mike Schlegel,1985,96
5757,Lou Stefanovic,1985,97
5758,Bob Lojewski,1985,98
5759,Wayne Carlander,1985,99
5760,Larry Hampton,1985,100
5761,Gunther Behnke,1985,101
5762,Shawn Campbell,1985,102
5763,Reid Gettys,1985,103
5764,Dean Shaffer,1985,104
5765,Ray Hall,1985,105
5766,Clayton Olivier,1985,106
5767,James Anderson,1985,107
5768,Kelly Blaine,1985,108
5769,Tommy Davis,1985,109
5770,Mike Lahm,1985,110
5771,Ivan Daniels,1985,111
5772,Kenny Brown,1985,112
5773,Carl Wright,1985,113
5774,Ray Knight,1985,114
5775,Timo Saarelainen,1985,115
5776,Albert Butts,1985,116
5777,Gerald Crosby,1985,117
5778,Stu Primus,1985,118
5779,Kent Lockhart,1985,119
5780,Charles Balentine,1985,120
5781,Malcolm Thomas,1985,121
5782,Earl Walker,1985,122
5783,Tony Duckett,1985,123
5784,Charles Rayne,1985,124
5785,Ricky Johnson,1985,125
5786,Dan Meagher,1985,126
5787,Matt England,1985,127
5788,Chris Harper,1985,128
5789,Jim Miller,1985,129
5790,George Almones,1985,130
5791,Curtis Moore,1985,131
5792,Carlton Cooper,1985,132
5793,Vincent Giles,1985,133
5794,Sam Potter,1985,134
5795,Joe Carrabino,1985,135
5796,Daryl Lloyd,1985,136
5797,Quentin Anderson,1985,137
5798,Tony Neal,1985,138
5799,Ralph Lewis,1985,139
5800,Jeff Acres,1985,140
5801,Eric Boyd,1985,141
5802,Ken Bantum,1985,142
5803,Gary Maloncon,1985,143
5804,Michael Phelps,1985,144
5805,Alton Lee Gipson,1985,145
5806,Bob Ferry,1985,146
5807,Buzz Peterson,1985,147
5808,Georgi Glouchkov,1985,148
5809,Jeff Adkins,1985,149
5810,Keith Gray,1985,150
5811,Mike Wacker,1985,151
5812,Al Young,1985,152
5813,Mark Owen,1985,153
5814,Gary McLain,1985,154
5815,Ed Catchings,1985,155
5816,Frank James,1985,156
5817,Don Turney,1985,157
5818,Eddie Smith,1985,158
5819,Jaye Andrews,1985,159
5820,Mario Elie,1985,160
5821,Keith Cleplicki,1985,161
5822,Chris Remly,1985,162
5823,Brad Daugherty,1986,1
5824,Len Bias,1986,2
5825,Chris Washburn,1986,3
5826,Chuck Person,1986,4
5827,Kenny Walker,1986,5
5828,William Bedford,1986,6
5829,Roy Tarpley,1986,7
5830,Ron Harper,1986,8
5831,Brad Sellers,1986,9
5832,Johnny Dawkins,1986,10
5833,John Salley,1986,11
5834,John Williams,1986,12
5835,Pearl Washington,1986,13
5836,Walter Berry,1986,14
5837,Dell Curry,1986,15
5838,Maurice Martin,1986,16
5839,Harold Pressley,1986,17
5840,Mark Alarie,1986,18
5841,Billy Thompson,1986,19
5842,Buck Johnson,1986,20
5843,Anthony Jones,1986,21
5844,Scott Skiles,1986,22
5845,Ken Barlow,1986,23
5846,Arvydas Sabonis,1986,24
5847,Mark Price,1986,25
5848,Greg Dreiling,1986,26
5849,Dennis Rodman,1986,27
5850,Larry Krystkowiak,1986,28
5851,Johnny Newman,1986,29
5852,Nate McMillan,1986,30
5853,Joe Ward,1986,31
5854,Cedric Henderson,1986,32
5855,Kevin Duckworth,1986,33
5856,Johnny Rogers,1986,34
5857,Milt Wagner,1986,35
5858,Steve Mitchell,1986,36
5859,Parragiotis Fasoulas,1986,37
5860,Lemone Lampley,1986,38
5861,Rafael Addison,1986,39
5862,Augusto Binelli,1986,40
5863,Otis Smith,1986,41
5864,Ron Kellogg,1986,42
5865,Dave Feitl,1986,43
5866,David Wingate,1986,44
5867,Keith Smith,1986,45
5868,Jeff Hornacek,1986,46
5869,Michael Jackson,1986,47
5870,Forrest McKenzie,1986,48
5871,Juden Smith,1986,49
5872,Kevin Henderson,1986,50
5873,Mike Williams,1986,51
5874,Ricky Wilson,1986,52
5875,Tod Murphy,1986,53
5876,Dwayne Polee,1986,54
5877,Kenny Gattison,1986,55
5878,Keith Colbert,1986,56
5879,Bruce Douglas,1986,57
5880,Dave Henderson,1986,58
5881,Wendell Alexis,1986,59
5882,Drazen Petrovic,1986,60
5883,John Shasky,1986,61
5884,Anthony Welch,1986,62
5885,Bill Breeding,1986,63
5886,Don Redden,1986,64
5887,Dave Hoppen,1986,65
5888,Anthony Bowie,1986,66
5889,Ron Rowan,1986,67
5890,Baskerville Holmes,1986,68
5891,Andre Turner,1986,69
5892,Jim Les,1986,70
5893,Calvin Thompson,1986,71
5894,Derrick Taylor,1986,72
5895,Warren Martin,1986,73
5896,Scott Meents,1986,74
5897,Dan Bingenheimer,1986,75
5898,Michael Graham,1986,76
5899,Grant Gondrezick,1986,77
5900,John Brownlee,1986,78
5901,Carlos Briggs,1986,79
5902,Alvin Franklin,1986,80
5903,Steve Hale,1986,81
5904,Barry Mungar,1986,82
5905,David Shaffer,1986,83
5906,Marty Embry,1986,84
5907,Myron Jackson,1986,85
5908,Chauncey Robinson,1986,86
5909,Anthony Watson,1986,87
5910,Efrem Winters,1986,88
5911,Conner Henry,1986,89
5912,Wes Stallings,1986,90
5913,Bob Beecher,1986,91
5914,Dale Blaney,1986,92
5915,Tony Benford,1986,93
5916,Jerome Mincey,1986,94
5917,Richard Rellford,1986,95
5918,Ben Davis,1986,96
5919,Clinton Smith,1986,97
5920,Jimmy Gilbert,1986,98
5921,Dominic Pressley,1986,99
5922,Steffond Johnson,1986,100
5923,Greg Spurling,1986,101
5924,Earl Kelley,1986,102
5925,Keith Morrison,1986,103
5926,Paul Fortier,1986,104
5927,Archie Johnson,1986,105
5928,Jerry Adams,1986,106
5929,Kerry Boagni,1986,107
5930,Jay Bilas,1986,108
5931,Clarence Hanley,1986,109
5932,Jon Collins,1986,110
5933,Nicky Jones,1986,111
5934,Andre Banks,1986,112
5935,Kevin Holmes,1986,113
5936,Bobby Deaton,1986,114
5937,Roger Harden,1986,115
5938,Dave Colbert,1986,116
5939,Butch Wade,1986,117
5940,Jeff Hall,1986,118
5941,Gilbert Wilburn,1986,119
5942,Pete Myers,1986,120
5943,Bobby Lee Hurt,1986,121
5944,Curtis Kitchen,1986,122
5945,Jim McCaffrey,1986,123
5946,Tim Kempton,1986,124
5947,Kevin Lewis,1986,125
5948,John Flowers,1986,126
5949,Troy Webster,1986,127
5950,Lorenzo Duncan,1986,128
5951,Tony Hampton,1986,129
5952,Chuck Everson,1986,130
5953,Greg Anderson,1986,131
5954,Greg Grant,1986,132
5955,Anthony Frederick,1986,133
5956,Alexander Volkov,1986,134
5957,Robert Worthy,1986,135
5958,Andre McCloud,1986,136
5959,John Kimbrell,1986,137
5960,Walter Downing,1986,138
5961,Greg Wendt,1986,139
5962,Duane Kendall,1986,140
5963,Steve Woodside,1986,141
5964,Ralph Dalton,1986,142
5965,Steve Kenilvort,1986,143
5966,Robert Henderson,1986,144
5967,Glen McCants,1986,145
5968,Johnny Brown,1986,146
5969,Damon Goodwin,1986,147
5970,Michael Anderson,1986,148
5971,Ron Rankin,1986,149
5972,Joe Price,1986,150
5973,Jim Dolan,1986,151
5974,Randy Schiff,1986,152
5975,Mark Mitchell,1986,153
5976,Kim Cooksey,1986,154
5977,Larry Polec,1986,155
5978,Mike Marshall,1986,156
5979,Valerie Tikhonenko,1986,157
5980,Rick Olson,1986,158
5981,Dan Palombizio,1986,159
5982,Jeff Strong,1986,160
5983,Mark Coleman,1986,161
5984,Tom Ivey,1986,162
5985,David Robinson,1987,1
5986,Armen Gilliam,1987,2
5987,Dennis Hopson,1987,3
5988,Reggie Williams,1987,4
5989,Scottie Pippen,1987,5
5990,Kenny Smith,1987,6
5991,Kevin Johnson,1987,7
5992,Olden Polynice,1987,8
5993,Derrick McKey,1987,9
5994,Horace Grant,1987,10
5995,Reggie Miller,1987,11
5996,Muggsy Bogues,1987,12
5997,Joe Wolf,1987,13
5998,Tellis Frank,1987,14
5999,Jose Ortiz,1987,15
6000,Chris Welp,1987,16
6001,Ronnie Murphy,1987,17
6002,Mark Jackson,1987,18
6003,Ken Norman,1987,19
6004,Jim Farmer,1987,20
6005,Dallas Comegys,1987,21
6006,Reggie Lewis,1987,22
6007,Greg Anderson,1987,23
6008,Fred Banks,1987,24
6009,Ron Moore,1987,25
6010,Steve Alford,1987,26
6011,Nate Blackwell,1987,27
6012,Rickie Winslow,1987,28
6013,Lester Fonville,1987,29
6014,Nikita Wilson,1987,30
6015,Andre Moore,1987,31
6016,Bob McCann,1987,32
6017,Tony White,1987,33
6018,Brian Rowsom,1987,34
6019,Doug Lee,1987,35
6020,Duane Washington,1987,36
6021,Derrick Dowell,1987,37
6022,Norris Coleman,1987,38
6023,Vincent Askew,1987,39
6024,Winston Garland,1987,40
6025,Kannard Johnson,1987,41
6026,Terence Bailey,1987,42
6027,Andrew Kennedy,1987,43
6028,Terry Coner,1987,44
6029,Brad Lohaus,1987,45
6030,Bruce Dalrymple,1987,46
6031,Tim McCalister,1987,47
6032,Jamie Waller,1987,48
6033,Jerome Batiste,1987,49
6034,Phil Zevenbergen,1987,50
6035,Sven Myer,1987,51
6036,Donald Royal,1987,52
6037,Winston Crite,1987,53
6038,Tom Schafer,1987,54
6039,Tommy Amaker,1987,55
6040,John Fox,1987,56
6041,Hansi Gnad,1987,57
6042,Darryl Johnson,1987,58
6043,Danny Pearson,1987,59
6044,Sean Couch,1987,60
6045,Clarence Martin,1987,61
6046,Eric Riggins,1987,62
6047,Kevin Gamble,1987,63
6048,J. J. Weber,1987,64
6049,Eric White,1987,65
6050,Mike Richmond,1987,66
6051,Song Tao,1987,67
6052,Billy Donovan,1987,68
6053,Willie Glass,1987,69
6054,Tom Sheehey,1987,70
6055,Mike Morgan,1987,71
6056,Andrew Moten,1987,72
6057,Todd May,1987,73
6058,Joe Arlauckas,1987,74
6059,Chris Dudley,1987,75
6060,Steve Beck,1987,76
6061,David Boone,1987,77
6062,Todd Linder,1987,78
6063,Jack Haley,1987,79
6064,Carven Holcomb,1987,80
6065,Scott Thompson,1987,81
6066,Joe Niego,1987,82
6067,Benny Bolton,1987,83
6068,Reuben Holmes,1987,84
6069,Brian Rahilly,1987,85
6070,Norwood Barber,1987,86
6071,Darryl Bedford,1987,87
6072,Dave Popson,1987,88
6073,David Johnson,1987,89
6074,Theofanis Christodoulou,1987,90
6075,Darryl Kennedy,1987,91
6076,Ralph Tally,1987,92
6077,Chad Kessler,1987,93
6078,James Blackmon,1987,94
6079,Glenn Clem,1987,95
6080,Dennis Williams,1987,96
6081,Vernon Carr,1987,97
6082,Carl Lott,1987,98
6083,Brent Counts,1987,99
6084,Ron Grandison,1987,100
6085,Michael Tait,1987,101
6086,Anthony Wilson,1987,102
6087,Mike Milling,1987,103
6088,Andre LaFleur,1987,104
6089,Terry Williams,1987,105
6090,Patrick Fairs,1987,106
6091,Bart Kofoed,1987,107
6092,Frank Ross,1987,108
6093,David Moss,1987,109
6094,Brian Vaughns,1987,110
6095,Gerry Wright,1987,111
6096,Sam Hill,1987,112
6097,Jose Antonio Montero,1987,113
6098,Dave Butler,1987,114
6099,Kenny Travis,1987,115
6100,Martin Nessley,1987,116
6101,Howard Triche,1987,117
6102,Perry Bromwell,1987,118
6103,Ricky Brown,1987,119
6104,Darryl Thomas,1987,120
6105,Harold Jensen,1987,121
6106,Marcel Boyce,1987,122
6107,Kelvin Scarborough,1987,123
6108,Tom Gneiting,1987,124
6109,Doug Altenberger,1987,125
6110,Gary Graham,1987,126
6111,Sarunas Marciulionis,1987,127
6112,Dwayne Scholten,1987,128
6113,Fred Jenkins,1987,129
6114,Art Sabb,1987,130
6115,Tracy Foster,1987,131
6116,Bernard Johnson,1987,132
6117,Gay Elmore,1987,133
6118,Antoine Joubert,1987,134
6119,Quintan Gates,1987,135
6120,Riccardo Morandotti,1987,136
6121,Tim Naegeli,1987,137
6122,Frank Ford,1987,138
6123,Henry Carr,1987,139
6124,Frank Booker,1987,140
6125,Wayne Williams,1987,141
6126,Raynard Davis,1987,142
6127,Scott Adubato,1987,143
6128,Michael Foster,1987,144
6129,Roy Singleton,1987,145
6130,Rowan Gomes,1987,146
6131,Mike Giomi,1987,147
6132,Earvin Leavy,1987,148
6133,Montel Hatcher,1987,149
6134,Jamie Dixon,1987,150
6135,Clarence Grier,1987,151
6136,Ronnie Leggette,1987,152
6137,Keith Webster,1987,153
6138,Eric Semisch,1987,154
6139,Kenny Stone,1987,155
6140,Curtis Hunter,1987,156
6141,Mark Gottfried,1987,157
6142,Gerald White,1987,158
6143,Franjo Arapovic,1987,159
6144,Jerry Corcoran,1987,160
6145,Ron Vanderschaaf,1987,161
6146,Danny Manning,1988,1
6147,Rik Smits,1988,2
6148,Charles Smith,1988,3
6149,Chris Morris,1988,4
6150,Mitch Richmond,1988,5
6151,Hersey Hawkins,1988,6
6152,Tim Perry,1988,7
6153,Rex Chapman,1988,8
6154,Rony Seikaly,1988,9
6155,Willie Anderson,1988,10
6156,Will Perdue,1988,11
6157,Harvey Grant,1988,12
6158,Jeff Grayer,1988,13
6159,Dan Majerle,1988,14
6160,Gary Grant,1988,15
6161,Derrick Chievous,1988,16
6162,Eric Leckner,1988,17
6163,Ricky Berry,1988,18
6164,Rod Strickland,1988,19
6165,Kevin Edwards,1988,20
6166,Mark Bryant,1988,21
6167,Randolph Keys,1988,22
6168,Jerome Lane,1988,23
6169,Brian Shaw,1988,24
6170,David Rivers,1988,25
6171,Rolando Ferreira,1988,26
6172,Shelton Jones,1988,27
6173,Andrew Lang,1988,28
6174,Vinny Del Negro,1988,29
6175,Fennis Dembo,1988,30
6176,Everette Stephens,1988,31
6177,Charles Shackleford,1988,32
6178,Grant Long,1988,33
6179,Tom Tolbert,1988,34
6180,Sylvester Gray,1988,35
6181,Ledell Eackles,1988,36
6182,Greg Butler,1988,37
6183,Dean Garrett,1988,38
6184,Tito Horford,1988,39
6185,Orlando Graham,1988,40
6186,Keith Smart,1988,41
6187,Jeff Moe,1988,42
6188,Todd Mitchell,1988,43
6189,Anthony Taylor,1988,44
6190,Tom Garrick,1988,45
6191,Morlon Wiley,1988,46
6192,Vernon Maxwell,1988,47
6193,Micheal Williams,1988,48
6194,Jose Vargas,1988,49
6195,Steve Kerr,1988,50
6196,Rob Lock,1988,51
6197,Derrick Hamilton,1988,52
6198,Anthony Mason,1988,53
6199,Jorge Gonzalez,1988,54
6200,Rodney Johns,1988,55
6201,Barry Sumpter,1988,56
6202,Herman Montenegro,1988,57
6203,Jeff Moore,1988,58
6204,Nate Johnston,1988,59
6205,Ed Davender,1988,60
6206,Herbert Crook,1988,61
6207,Derrick Lewis,1988,62
6208,Mike Jones,1988,63
6209,Winston Bennett,1988,64
6210,Corey Gaines,1988,65
6211,Dwight Boyd,1988,66
6212,Ricky Grace,1988,67
6213,Darryl Middleton,1988,68
6214,Phil Stinnie,1988,69
6215,Jerry Johnson,1988,70
6216,Craig Neal,1988,71
6217,Lee Johnson,1988,72
6218,Michael Anderson,1988,73
6219,Gerald Paddio,1988,74
6220,Archie Marshall,1988,75
6221,Pervis Ellison,1989,1
6222,Danny Ferry,1989,2
6223,Sean Elliott,1989,3
6224,Glen Rice,1989,4
6225,J.R. Reid,1989,5
6226,Stacey King,1989,6
6227,George McCloud,1989,7
6228,Randy White,1989,8
6229,Tom Hammonds,1989,9
6230,Pooh Richardson,1989,10
6231,Nick Anderson,1989,11
6232,Mookie Blaylock,1989,12
6233,Michael Smith,1989,13
6234,Tim Hardaway,1989,14
6235,Todd Lichti,1989,15
6236,Dana Barros,1989,16
6237,Shawn Kemp,1989,17
6238,B.J. Armstrong,1989,18
6239,Kenny Payne,1989,19
6240,Jeff Sanders,1989,20
6241,Blue Edwards,1989,21
6242,Byron Irvin,1989,22
6243,Roy Marble,1989,23
6244,Anthony Cook,1989,24
6245,John Morton,1989,25
6246,Vlade Divac,1989,26
6247,Kenny Battle,1989,27
6248,Sherman Douglas,1989,28
6249,Dyron Nix,1989,29
6250,Frank Kornet,1989,30
6251,Jeff Martin,1989,31
6252,Stanley Brundy,1989,32
6253,Jay Edwards,1989,33
6254,Gary Leonard,1989,34
6255,Pat Durham,1989,35
6256,Clifford Robinson,1989,36
6257,Michael Ansley,1989,37
6258,Doug West,1989,38
6259,Ed Horton,1989,39
6260,Dino Radja,1989,40
6261,Doug Roth,1989,41
6262,Michael Cutright,1989,42
6263,Chucky Brown,1989,43
6264,Reggie Cross,1989,44
6265,Scott Haffner,1989,45
6266,Ricky Blanton,1989,46
6267,Reggie Turner,1989,47
6268,Junie Lewis,1989,48
6269,Haywoode Workman,1989,49
6270,Brian Quinnett,1989,50
6271,Mike Morrison,1989,51
6272,Greg Grant,1989,52
6273,Jeff Hodge,1989,53
6274,Toney Mack,1989,54
6275,Derrick Coleman,1990,1
6276,Gary Payton,1990,2
6277,Mahmoud Abdul-Rauf,1990,3
6278,Dennis Scott,1990,4
6279,Kendall Gill,1990,5
6280,Felton Spencer,1990,6
6281,Lionel Simmons,1990,7
6282,Bo Kimble,1990,8
6283,Willie Burton,1990,9
6284,Rumeal Robinson,1990,10
6285,Tyrone Hill,1990,11
6286,Alec Kessler,1990,12
6287,Loy Vaught,1990,13
6288,Travis Mays,1990,14
6289,Dave Jamerson,1990,15
6290,Terry Mills,1990,16
6291,Jerrod Mustaf,1990,17
6292,Duane Causwell,1990,18
6293,Dee Brown,1990,19
6294,Gerald Glass,1990,20
6295,Jayson Williams,1990,21
6296,Tate George,1990,22
6297,Anthony Bonner,1990,23
6298,Dwayne Schintzius,1990,24
6299,Alaa Abdelnaby,1990,25
6300,Lance Blanks,1990,26
6301,Elden Campbell,1990,27
6302,Les Jepsen,1990,28
6303,Toni Kukoc,1990,29
6304,Carl Herrera,1990,30
6305,Negele Knight,1990,31
6306,Brian Oliver,1990,32
6307,Walter Palmer,1990,33
6308,Kevin Pritchard,1990,34
6309,Greg Foster,1990,35
6310,Trevor Wilson,1990,36
6311,A.J. English,1990,37
6312,Jud Buechler,1990,38
6313,Steve Scheffler,1990,39
6314,Bimbo Coles,1990,40
6315,Steve Bardo,1990,41
6316,Marcus Liberty,1990,42
6317,Tony Massenburg,1990,43
6318,Steve Henson,1990,44
6319,Antonio Davis,1990,45
6320,Kenny Williams,1990,46
6321,Derek Strong,1990,47
6322,Cedric Ceballos,1990,48
6323,Phil Henderson,1990,49
6324,Milos Babic,1990,50
6325,Tony Smith,1990,51
6326,Stefano Rusconi,1990,52
6327,Abdul Shamsid-Deen,1990,53
6328,Sean Higgins,1990,54
6329,Larry Johnson,1991,1
6330,Kenny Anderson,1991,2
6331,Billy Owens,1991,3
6332,Dikembe Mutombo,1991,4
6333,Steve Smith,1991,5
6334,Doug Smith,1991,6
6335,Luc Longley,1991,7
6336,Mark Macon,1991,8
6337,Stacey Augmon,1991,9
6338,Bison Dele,1991,10
6339,Terrell Brandon,1991,11
6340,Greg Anthony,1991,12
6341,Dale Davis,1991,13
6342,Rich King,1991,14
6343,Anthony Avent,1991,15
6344,Chris Gatling,1991,16
6345,Victor Alexander,1991,17
6346,Kevin Brooks,1991,18
6347,LaBradford Smith,1991,19
6348,John Turner,1991,20
6349,Eric Murdock,1991,21
6350,LeRon Ellis,1991,22
6351,Stanley Roberts,1991,23
6352,Rick Fox,1991,24
6353,Shaun Vandiver,1991,25
6354,Mark Randall,1991,26
6355,Pete Chilcutt,1991,27
6356,Kevin Lynch,1991,28
6357,George Ackles,1991,29
6358,Rodney Monroe,1991,30
6359,Randy Brown,1991,31
6360,Chad Gallagher,1991,32
6361,Donald Hodge,1991,33
6362,Myron Brown,1991,34
6363,Mike Iuzzolino,1991,35
6364,Chris Corchiani,1991,36
6365,Elliot Perry,1991,37
6366,Joe Wylie,1991,38
6367,Jimmy Oliver,1991,39
6368,Doug Overton,1991,40
6369,Sean Green,1991,41
6370,Steve Hood,1991,42
6371,Lamont Strothers,1991,43
6372,Alvaro Teheran,1991,44
6373,Bobby Phills,1991,45
6374,Richard Dumas,1991,46
6375,Keith Hughes,1991,47
6376,Isaac Austin,1991,48
6377,Greg Sutton,1991,49
6378,Joey Wright,1991,50
6379,Zan Tabak,1991,51
6380,Anthony Jones,1991,52
6381,Von McDade,1991,53
6382,Marcus Kennedy,1991,54
6383,Shaquille O'Neal,1992,1
6384,Alonzo Mourning,1992,2
6385,Christian Laettner,1992,3
6386,Jim Jackson,1992,4
6387,LaPhonso Ellis,1992,5
6388,Tom Gugliotta,1992,6
6389,Walt Williams,1992,7
6390,Todd Day,1992,8
6391,Clarence Weatherspoon,1992,9
6392,Adam Keefe,1992,10
6393,Robert Horry,1992,11
6394,Harold Miner,1992,12
6395,Bryant Stith,1992,13
6396,Malik Sealy,1992,14
6397,Anthony Peeler,1992,15
6398,Randy Woods,1992,16
6399,Doug Christie,1992,17
6400,Tracy Murray,1992,18
6401,Don MacLean,1992,19
6402,Hubert Davis,1992,20
6403,Jon Barry,1992,21
6404,Oliver Miller,1992,22
6405,Lee Mayberry,1992,23
6406,Latrell Sprewell,1992,24
6407,Elmore Spencer,1992,25
6408,Dave Johnson,1992,26
6409,Byron Houston,1992,27
6410,Marlon Maxey,1992,28
6411,P.J. Brown,1992,29
6412,Sean Rooks,1992,30
6413,Reggie Smith,1992,31
6414,Brent Price,1992,32
6415,Corey Williams,1992,33
6416,Chris Smith,1992,34
6417,Tony Bennett,1992,35
6418,Duane Cooper,1992,36
6419,Isaiah Morris,1992,37
6420,Elmer Bennett,1992,38
6421,Litterial Green,1992,39
6422,Steve Rogers,1992,40
6423,Popeye Jones,1992,41
6424,Matt Geiger,1992,42
6425,Sasha Danilovic,1992,43
6426,Henry Williams,1992,44
6427,Chris King,1992,45
6428,Robert Werdann,1992,46
6429,Darren Morningstar,1992,47
6430,Brian Davis,1992,48
6431,Ron Ellis,1992,49
6432,Matt Fish,1992,50
6433,Tim Burroughs,1992,51
6434,Matt Steigenga,1992,52
6435,Curtis Blair,1992,53
6436,Brett Roberts,1992,54
6437,Chris Webber,1993,1
6438,Shawn Bradley,1993,2
6439,Anfernee Hardaway,1993,3
6440,Jamal Mashburn,1993,4
6441,Isaiah Rider,1993,5
6442,Calbert Cheaney,1993,6
6443,Bobby Hurley,1993,7
6444,Vin Baker,1993,8
6445,Rodney Rogers,1993,9
6446,Lindsey Hunter,1993,10
6447,Allan Houston,1993,11
6448,George Lynch,1993,12
6449,Terry Dehere,1993,13
6450,Scott Haskin,1993,14
6451,Doug Edwards,1993,15
6452,Rex Walters,1993,16
6453,Greg Graham,1993,17
6454,Luther Wright,1993,18
6455,Acie Earl,1993,19
6456,Scott Burrell,1993,20
6457,James Robinson,1993,21
6458,Chris Mills,1993,22
6459,Ervin Johnson,1993,23
6460,Sam Cassell,1993,24
6461,Corie Blount,1993,25
6462,Geert Hammink,1993,26
6463,Malcolm Mackey,1993,27
6464,Lucious Harris,1993,28
6465,Sherron Mills,1993,29
6466,Gheorghe Muresan,1993,30
6467,Evers Burns,1993,31
6468,Alphonso Ford,1993,32
6469,Eric Riley,1993,33
6470,Darnell Mee,1993,34
6471,Ed Stokes,1993,35
6472,John Best,1993,36
6473,Nick Van Exel,1993,37
6474,Conrad McRae,1993,38
6475,Thomas Hill,1993,39
6476,Rich Manning,1993,40
6477,Anthony Reed,1993,41
6478,Adonis Jordan,1993,42
6479,Josh Grant,1993,43
6480,Alex Holcombe,1993,44
6481,Bryon Russell,1993,45
6482,Richard Petruska,1993,46
6483,Chris Whitney,1993,47
6484,Kevin Thompson,1993,48
6485,Mark Buford,1993,49
6486,Marcelo Nicola,1993,50
6487,Spencer Dunkley,1993,51
6488,Mike Peplowski,1993,52
6489,Leonard White,1993,53
6490,Byron Wilson,1993,54
6491,Glenn Robinson,1994,1
6492,Jason Kidd,1994,2
6493,Grant Hill,1994,3
6494,Donyell Marshall,1994,4
6495,Juwan Howard,1994,5
6496,Sharone Wright,1994,6
6497,Lamond Murray,1994,7
6498,Brian Grant,1994,8
6499,Eric Montross,1994,9
6500,Eddie Jones,1994,10
6501,Carlos Rogers,1994,11
6502,Khalid Reeves,1994,12
6503,Jalen Rose,1994,13
6504,Yinka Dare,1994,14
6505,Eric Piatkowski,1994,15
6506,Clifford Rozier,1994,16
6507,Aaron McKie,1994,17
6508,Eric Mobley,1994,18
6509,Tony Dumas,1994,19
6510,B.J. Tyler,1994,20
6511,Dickey Simpkins,1994,21
6512,Bill Curley,1994,22
6513,Wesley Person,1994,23
6514,Monty Williams,1994,24
6515,Greg Minor,1994,25
6516,Charlie Ward,1994,26
6517,Brooks Thompson,1994,27
6518,Deon Thomas,1994,28
6519,Antonio Lang,1994,29
6520,Howard Eisley,1994,30
6521,Rodney Dent,1994,31
6522,Jim McIlvaine,1994,32
6523,Derrick Alston,1994,33
6524,Gaylon Nickerson,1994,34
6525,Michael Smith,1994,35
6526,Andrei Fetisov,1994,36
6527,Dontonio Wingfield,1994,37
6528,Darrin Hancock,1994,38
6529,Anthony Miller,1994,39
6530,Jeff Webster,1994,40
6531,William Njoku,1994,41
6532,Gary Collier,1994,42
6533,Shawnelle Scott,1994,43
6534,Damon Bailey,1994,44
6535,Dwayne Morton,1994,45
6536,Voshon Lenard,1994,46
6537,Jamie Watson,1994,47
6538,Jevon Crudup,1994,48
6539,Kris Bruton,1994,49
6540,Charles Claxton,1994,50
6541,Lawrence Funderburke,1994,51
6542,Anthony Goldwire,1994,52
6543,Albert Burditt,1994,53
6544,Zeljko Rebraca,1994,54
6545,Joe Smith,1995,1
6546,Antonio McDyess,1995,2
6547,Jerry Stackhouse,1995,3
6548,Rasheed Wallace,1995,4
6549,Kevin Garnett,1995,5
6550,Bryant Reeves,1995,6
6551,Damon Stoudamire,1995,7
6552,Shawn Respert,1995,8
6553,Ed O'Bannon,1995,9
6554,Kurt Thomas,1995,10
6555,Gary Trent,1995,11
6556,Cherokee Parks,1995,12
6557,Corliss Williamson,1995,13
6558,Eric Williams,1995,14
6559,Brent Barry,1995,15
6560,Alan Henderson,1995,16
6561,Bob Sura,1995,17
6562,Theo Ratliff,1995,18
6563,Randolph Childress,1995,19
6564,Jason Caffey,1995,20
6565,Michael Finley,1995,21
6566,George Zidek,1995,22
6567,Travis Best,1995,23
6568,Loren Meyer,1995,24
6569,David Vaughn,1995,25
6570,Sherell Ford,1995,26
6571,Mario Bennett,1995,27
6572,Greg Ostertag,1995,28
6573,Cory Alexander,1995,29
6574,Lou Roe,1995,30
6575,Dragan Tarlac,1995,31
6576,Terrence Rencher,1995,32
6577,Junior Burrough,1995,33
6578,Andrew DeClercq,1995,34
6579,Jimmy King,1995,35
6580,Lawrence Moten,1995,36
6581,Frankie King,1995,37
6582,Rashard Griffith,1995,38
6583,Donny Marshall,1995,39
6584,Dwayne Whitfield,1995,40
6585,Erik Meek,1995,41
6586,Donnie Boyce,1995,42
6587,Eric Snow,1995,43
6588,Anthony Pelle,1995,44
6589,Troy Brown,1995,45
6590,George Banks,1995,46
6591,Tyus Edney,1995,47
6592,Mark Davis,1995,48
6593,Jerome Allen,1995,49
6594,Martin Lewis,1995,50
6595,Dejan Bodiroga,1995,51
6596,Fred Hoiberg,1995,52
6597,Constantin Popa,1995,53
6598,Aurelijius Zukauskas,1995,54
6599,Michael McDonald,1995,55
6600,Chris Carr,1995,56
6601,Cuonzo Martin,1995,57
6602,Don Reid,1995,58
6603,Allen Iverson,1996,1
6604,Marcus Camby,1996,2
6605,Shareef Abdur-Rahim,1996,3
6606,Stephon Marbury,1996,4
6607,Ray Allen,1996,5
6608,Antoine Walker,1996,6
6609,Lorenzen Wright,1996,7
6610,Kerry Kittles,1996,8
6611,Samaki Walker,1996,9
6612,Erick Dampier,1996,10
6613,Todd Fuller,1996,11
6614,Vitaly Potapenko,1996,12
6615,Kobe Bryant,1996,13
6616,Peja Stojakovic,1996,14
6617,Steve Nash,1996,15
6618,Tony Delk,1996,16
6619,Jermaine O'Neal,1996,17
6620,John Wallace,1996,18
6621,Walter McCarty,1996,19
6622,Zydrunas Ilgauskas,1996,20
6623,Dontae' Jones,1996,21
6624,Roy Rogers,1996,22
6625,Efthimi Rentzias,1996,23
6626,Derek Fisher,1996,24
6627,Martin Muursepp,1996,25
6628,Jerome Williams,1996,26
6629,Brian Evans,1996,27
6630,Priest Lauderdale,1996,28
6631,Travis Knight,1996,29
6632,Othella Harrington,1996,30
6633,Mark Hendrickson,1996,31
6634,Ryan Minor,1996,32
6635,Moochie Norris,1996,33
6636,Shawn Harvey,1996,34
6637,Joseph Blair,1996,35
6638,Doron Sheffer,1996,36
6639,Jeff McInnis,1996,37
6640,Steve Hamer,1996,38
6641,Russ Millard,1996,39
6642,Marcus Mann,1996,40
6643,Jason Sasser,1996,41
6644,Randy Livingston,1996,42
6645,Ben Davis,1996,43
6646,Malik Rose,1996,44
6647,Joe Vogel,1996,45
6648,Marcus Brown,1996,46
6649,Ron Riley,1996,47
6650,Jamie Feick,1996,48
6651,Amal McCaskill,1996,49
6652,Terrell Bell,1996,50
6653,Chris Robinson,1996,51
6654,Mark Pope,1996,52
6655,Jeff Nordgaard,1996,53
6656,Shandon Anderson,1996,54
6657,Ronnie Henderson,1996,55
6658,Reggie Geary,1996,56
6659,Drew Barry,1996,57
6660,Darnell Robinson,1996,58
6661,Tim Duncan,1997,1
6662,Keith Van Horn,1997,2
6663,Chauncey Billups,1997,3
6664,Antonio Daniels,1997,4
6665,Tony Battie,1997,5
6666,Ron Mercer,1997,6
6667,Tim Thomas,1997,7
6668,Adonal Foyle,1997,8
6669,Tracy McGrady,1997,9
6670,Danny Fortson,1997,10
6671,Tariq Abdul-Wahad,1997,11
6672,Austin Croshere,1997,12
6673,Derek Anderson,1997,13
6674,Maurice Taylor,1997,14
6675,Kelvin Cato,1997,15
6676,Brevin Knight,1997,16
6677,Johnny Taylor,1997,17
6678,Chris Anstey,1997,18
6679,Scot Pollard,1997,19
6680,Paul Grant,1997,20
6681,Anthony Parker,1997,21
6682,Ed Gray,1997,22
6683,Bobby Jackson,1997,23
6684,Rodrick Rhodes,1997,24
6685,John Thomas,1997,25
6686,Charles Smith,1997,26
6687,Jacque Vaughn,1997,27
6688,Keith Booth,1997,28
6689,Serge Zwikker,1997,29
6690,Mark Sanford,1997,30
6691,Charles O'Bannon,1997,31
6692,James Cotton,1997,32
6693,Marko Milic,1997,33
6694,Bubba Wells,1997,34
6695,Kebu Stewart,1997,35
6696,James Collins,1997,36
6697,Marc Jackson,1997,37
6698,Jerald Honeycutt,1997,38
6699,Anthony Johnson,1997,39
6700,Eddie Elisma,1997,40
6701,Jason Lawson,1997,41
6702,Stephen Jackson,1997,42
6703,Gordon Malone,1997,43
6704,Cedric Henderson,1997,44
6705,God Shammgod,1997,45
6706,Eric Washington,1997,46
6707,Alvin Williams,1997,47
6708,Predrag Drobnjak,1997,48
6709,Alain Digbeu,1997,49
6710,Chris Crawford,1997,50
6711,DeJuan Wheat,1997,51
6712,C.J. Bruton,1997,52
6713,Paul Rogers,1997,53
6714,Mark Blount,1997,54
6715,Ben Pepper,1997,55
6716,Nate Erdmann,1997,56
6717,Roberto Duenas,1997,57
6718,Michael Olowokandi,1998,1
6719,Mike Bibby,1998,2
6720,Raef LaFrentz,1998,3
6721,Antawn Jamison,1998,4
6722,Vince Carter,1998,5
6723,Robert Traylor,1998,6
6724,Jason Williams,1998,7
6725,Larry Hughes,1998,8
6726,Dirk Nowitzki,1998,9
6727,Paul Pierce,1998,10
6728,Bonzi Wells,1998,11
6729,Michael Doleac,1998,12
6730,Keon Clark,1998,13
6731,Michael Dickerson,1998,14
6732,Matt Harpring,1998,15
6733,Bryce Drew,1998,16
6734,Rasho Nesterovic,1998,17
6735,Mirsad Turkcan,1998,18
6736,Pat Garrity,1998,19
6737,Roshown McLeod,1998,20
6738,Ricky Davis,1998,21
6739,Brian Skinner,1998,22
6740,Tyronn Lue,1998,23
6741,Felipe Lopez,1998,24
6742,Al Harrington,1998,25
6743,Sam Jacobson,1998,26
6744,Vladimir Stepania,1998,27
6745,Corey Benjamin,1998,28
6746,Nazr Mohammed,1998,29
6747,Ansu Sesay,1998,30
6748,Ruben Patterson,1998,31
6749,Rashard Lewis,1998,32
6750,Jelani McCoy,1998,33
6751,Shammond Williams,1998,34
6752,Bruno Sundov,1998,35
6753,Jerome James,1998,36
6754,Casey Shaw,1998,37
6755,DeMarco Johnson,1998,38
6756,Rafer Alston,1998,39
6757,Korleone Young,1998,40
6758,Cuttino Mobley,1998,41
6759,Miles Simon,1998,42
6760,Jahidi White,1998,43
6761,Sean Marks,1998,44
6762,Toby Bailey,1998,45
6763,Andrae Patterson,1998,46
6764,Tyson Wheeler,1998,47
6765,Ryan Stack,1998,48
6766,Cory Carr,1998,49
6767,Andrew Betts,1998,50
6768,Corey Brewer,1998,51
6769,Derrick Dial,1998,52
6770,Greg Buckner,1998,53
6771,Tremaine Fowlkes,1998,54
6772,Ryan Bowen,1998,55
6773,J.R. Henderson,1998,56
6774,Torraye Braggs,1998,57
6775,Maceo Baston,1998,58
6776,Elton Brand,1999,1
6777,Steve Francis,1999,2
6778,Baron Davis,1999,3
6779,Lamar Odom,1999,4
6780,Jonathan Bender,1999,5
6781,Wally Szczerbiak,1999,6
6782,Richard Hamilton,1999,7
6783,Andre Miller,1999,8
6784,Shawn Marion,1999,9
6785,Jason Terry,1999,10
6786,Trajan Langdon,1999,11
6787,Aleksandar Radojevic,1999,12
6788,Corey Maggette,1999,13
6789,William Avery,1999,14
6790,Frederic Weis,1999,15
6791,Metta World Peace,1999,16
6792,Cal Bowdler,1999,17
6793,James Posey,1999,18
6794,Quincy Lewis,1999,19
6795,Dion Glover,1999,20
6796,Jeff Foster,1999,21
6797,Kenny Thomas,1999,22
6798,Devean George,1999,23
6799,Andrei Kirilenko,1999,24
6800,Tim James,1999,25
6801,Vonteego Cummings,1999,26
6802,Jumaine Jones,1999,27
6803,Scott Padgett,1999,28
6804,Leon Smith,1999,29
6805,John Celestand,1999,30
6806,Rico Hill,1999,31
6807,Michael Ruffin,1999,32
6808,Chris Herren,1999,33
6809,Evan Eschmeyer,1999,34
6810,Calvin Booth,1999,35
6811,Wang Zhizhi,1999,36
6812,Obinna Ekezie,1999,37
6813,Laron Profit,1999,38
6814,A.J. Bramlett,1999,39
6815,Gordan Giricek,1999,40
6816,Francisco Elson,1999,41
6817,Louis Bullock,1999,42
6818,Lee Nailon,1999,43
6819,Tyrone Washington,1999,44
6820,Ryan Robertson,1999,45
6821,J.R. Koch,1999,46
6822,Todd MacCulloch,1999,47
6823,Galen Young,1999,48
6824,Lari Ketner,1999,49
6825,Venson Hamilton,1999,50
6826,Antwain Smith,1999,51
6827,Roberto Bergersen,1999,52
6828,Rodney Buford,1999,53
6829,Melvin Levett,1999,54
6830,Kris Clack,1999,55
6831,Tim Young,1999,56
6832,Manu Ginobili,1999,57
6833,Eddie Lucas,1999,58
6834,Kenyon Martin,2000,1
6835,Stromile Swift,2000,2
6836,Darius Miles,2000,3
6837,Marcus Fizer,2000,4
6838,Mike Miller,2000,5
6839,DerMarr Johnson,2000,6
6840,Chris Mihm,2000,7
6841,Jamal Crawford,2000,8
6842,Joel Przybilla,2000,9
6843,Keyon Dooling,2000,10
6844,Jerome Moiso,2000,11
6845,Etan Thomas,2000,12
6846,Courtney Alexander,2000,13
6847,Mateen Cleaves,2000,14
6848,Jason Collier,2000,15
6849,Hedo Turkoglu,2000,16
6850,Desmond Mason,2000,17
6851,Quentin Richardson,2000,18
6852,Jamaal Magloire,2000,19
6853,Speedy Claxton,2000,20
6854,Morris Peterson,2000,21
6855,Donnell Harvey,2000,22
6856,DeShawn Stevenson,2000,23
6857,Dalibor Bagaric,2000,24
6858,Jake Tsakalidis,2000,25
6859,Mamadou N'Diaye,2000,26
6860,Primoz Brezec,2000,27
6861,Erick Barkley,2000,28
6862,Mark Madsen,2000,29
6863,Marko Jaric,2000,30
6864,Dan Langhi,2000,31
6865,A.J. Guyton,2000,32
6866,Jake Voskuhl,2000,33
6867,Khalid El-Amin,2000,34
6868,Mike Smith,2000,35
6869,Soumaila Samake,2000,36
6870,Eddie House,2000,37
6871,Eduardo Najera,2000,38
6872,Lavor Postell,2000,39
6873,Hanno Mottola,2000,40
6874,Chris Carrawell,2000,41
6875,Olumide Oyedeji,2000,42
6876,Michael Redd,2000,43
6877,Brian Cardinal,2000,44
6878,Jabari Smith,2000,45
6879,DeeAndre Hulett,2000,46
6880,Josip Sesar,2000,47
6881,Mark Karcher,2000,48
6882,Jason Hart,2000,49
6883,Kaniel Dickens,2000,50
6884,Igor Rakocevic,2000,51
6885,Ernest Brown,2000,52
6886,Dan McClintock,2000,53
6887,Cory Hightower,2000,54
6888,Chris Porter,2000,55
6889,Jaquay Walls,2000,56
6890,Scoonie Penn,2000,57
6891,Pete Mickeal,2000,58
6892,Kwame Brown,2001,1
6893,Tyson Chandler,2001,2
6894,Pau Gasol,2001,3
6895,Eddy Curry,2001,4
6896,Jason Richardson,2001,5
6897,Shane Battier,2001,6
6898,Eddie Griffin,2001,7
6899,DeSagana Diop,2001,8
6900,Rodney White,2001,9
6901,Joe Johnson,2001,10
6902,Kedrick Brown,2001,11
6903,Vladimir Radmanovic,2001,12
6904,Richard Jefferson,2001,13
6905,Troy Murphy,2001,14
6906,Steven Hunter,2001,15
6907,Kirk Haston,2001,16
6908,Michael Bradley,2001,17
6909,Jason Collins,2001,18
6910,Zach Randolph,2001,19
6911,Brendan Haywood,2001,20
6912,Joseph Forte,2001,21
6913,Jeryl Sasser,2001,22
6914,Brandon Armstrong,2001,23
6915,Raul Lopez,2001,24
6916,Gerald Wallace,2001,25
6917,Samuel Dalembert,2001,26
6918,Jamaal Tinsley,2001,27
6919,Tony Parker,2001,28
6920,Trenton Hassell,2001,29
6921,Gilbert Arenas,2001,30
6922,Omar Cook,2001,31
6923,Will Solomon,2001,32
6924,Terence Morris,2001,33
6925,Brian Scalabrine,2001,34
6926,Jeff Trepagnier,2001,35
6927,Damone Brown,2001,36
6928,Mehmet Okur,2001,37
6929,Michael Wright,2001,38
6930,Earl Watson,2001,39
6931,Jamison Brewer,2001,40
6932,Bobby Simmons,2001,41
6933,Eric Chenowith,2001,42
6934,Kyle Hill,2001,43
6935,Sean Lampley,2001,44
6936,Loren Woods,2001,45
6937,Ousmane Cisse,2001,46
6938,Antonis Fotsis,2001,47
6939,Ken Johnson,2001,48
6940,Ruben Boumtje-Boumtje,2001,49
6941,Alton Ford,2001,50
6942,Andre Hutson,2001,51
6943,Jarron Collins,2001,52
6944,Kenny Satterfield,2001,53
6945,Maurice Jeffers,2001,54
6946,Robertas Javtokas,2001,55
6947,Alvin Jones,2001,56
6948,Bryan Bracey,2001,57
6949,Yao Ming,2002,1
6950,Jay Williams,2002,2
6951,Mike Dunleavy,2002,3
6952,Drew Gooden,2002,4
6953,Nikoloz Tskitishvili,2002,5
6954,Dajuan Wagner,2002,6
6955,Nene Hilario,2002,7
6956,Chris Wilcox,2002,8
6957,Amar'e Stoudemire,2002,9
6958,Caron Butler,2002,10
6959,Jared Jeffries,2002,11
6960,Melvin Ely,2002,12
6961,Marcus Haislip,2002,13
6962,Fred Jones,2002,14
6963,Bostjan Nachbar,2002,15
6964,Jiri Welsch,2002,16
6965,Juan Dixon,2002,17
6966,Curtis Borchardt,2002,18
6967,Ryan Humphrey,2002,19
6968,Kareem Rush,2002,20
6969,Qyntel Woods,2002,21
6970,Casey Jacobsen,2002,22
6971,Tayshaun Prince,2002,23
6972,Nenad Krstic,2002,24
6973,Frank Williams,2002,25
6974,John Salmons,2002,26
6975,Chris Jefferies,2002,27
6976,Dan Dickau,2002,28
6977,Steve Logan,2002,29
6978,Roger Mason,2002,30
6979,Robert Archibald,2002,31
6980,Vincent Yarbrough,2002,32
6981,Dan Gadzuric,2002,33
6982,Carlos Boozer,2002,34
6983,Milos Vujanic,2002,35
6984,David Andersen,2002,36
6985,Tito Maddox,2002,37
6986,Rod Grizzard,2002,38
6987,Juan Carlos Navarro,2002,39
6988,Mario Kasun,2002,40
6989,Ronald Murray,2002,41
6990,Jason Jennings,2002,42
6991,Lonny Baxter,2002,43
6992,Sam Clancy,2002,44
6993,Matt Barnes,2002,45
6994,Jamal Sampson,2002,46
6995,Chris Owens,2002,47
6996,Peter Fehse,2002,48
6997,Darius Songaila,2002,49
6998,Federico Kammerichs,2002,50
6999,Marcus Taylor,2002,51
7000,Rasual Butler,2002,52
7001,Tamar Slay,2002,53
7002,Mladen Sekularac,2002,54
7003,Luis Scola,2002,55
7004,Randy Holcomb,2002,56
7005,Corsley Edwards,2002,57
7006,LeBron James,2003,1
7007,Darko Milicic,2003,2
7008,Carmelo Anthony,2003,3
7009,Chris Bosh,2003,4
7010,Dwyane Wade,2003,5
7011,Chris Kaman,2003,6
7012,Kirk Hinrich,2003,7
7013,T.J. Ford,2003,8
7014,Mike Sweetney,2003,9
7015,Jarvis Hayes,2003,10
7016,Mickael Pietrus,2003,11
7017,Nick Collison,2003,12
7018,Marcus Banks,2003,13
7019,Luke Ridnour,2003,14
7020,Reece Gaines,2003,15
7021,Troy Bell,2003,16
7022,Zarko Cabarkapa,2003,17
7023,David West,2003,18
7024,Sasha Pavlovic,2003,19
7025,Dahntay Jones,2003,20
7026,Boris Diaw,2003,21
7027,Zoran Planinic,2003,22
7028,Travis Outlaw,2003,23
7029,Brian Cook,2003,24
7030,Carlos Delfino,2003,25
7031,Ndudi Ebi,2003,26
7032,Kendrick Perkins,2003,27
7033,Leandro Barbosa,2003,28
7034,Josh Howard,2003,29
7035,Maciej Lampe,2003,30
7036,Jason Kapono,2003,31
7037,Luke Walton,2003,32
7038,Jerome Beasley,2003,33
7039,Sofoklis Schortsanitis,2003,34
7040,Szymon Szewczyk,2003,35
7041,Mario Austin,2003,36
7042,Travis Hansen,2003,37
7043,Steve Blake,2003,38
7044,Slavko Vranes,2003,39
7045,Derrick Zimmerman,2003,40
7046,Willie Green,2003,41
7047,Zaza Pachulia,2003,42
7048,Keith Bogans,2003,43
7049,Malick Badiane,2003,44
7050,Matt Bonner,2003,45
7051,Sani Becirovic,2003,46
7052,Mo Williams,2003,47
7053,James Lang,2003,48
7054,James Jones,2003,49
7055,Paccelis Morlende,2003,50
7056,Kyle Korver,2003,51
7057,Remon Van de Hare,2003,52
7058,Tommy Smith,2003,53
7059,Nedzad Sinanovic,2003,54
7060,Rick Rickert,2003,55
7061,Brandon Hunter,2003,56
7062,Xue Yuyang,2003,57
7063,Andreas Glyniadakis,2003,58
7064,Dwight Howard,2004,1
7065,Emeka Okafor,2004,2
7066,Ben Gordon,2004,3
7067,Shaun Livingston,2004,4
7068,Devin Harris,2004,5
7069,Josh Childress,2004,6
7070,Luol Deng,2004,7
7071,Rafael Araujo,2004,8
7072,Andre Iguodala,2004,9
7073,Luke Jackson,2004,10
7074,Andris Biedrins,2004,11
7075,Robert Swift,2004,12
7076,Sebastian Telfair,2004,13
7077,Kris Humphries,2004,14
7078,Al Jefferson,2004,15
7079,Kirk Snyder,2004,16
7080,Josh Smith,2004,17
7081,J.R. Smith,2004,18
7082,Dorell Wright,2004,19
7083,Jameer Nelson,2004,20
7084,Pavel Podkolzin,2004,21
7085,Viktor Khryapa,2004,22
7086,Sergei Monia,2004,23
7087,Delonte West,2004,24
7088,Tony Allen,2004,25
7089,Kevin Martin,2004,26
7090,Sasha Vujacic,2004,27
7091,Beno Udrih,2004,28
7092,David Harrison,2004,29
7093,Anderson Varejao,2004,30
7094,Jackson Vroman,2004,31
7095,Peter John Ramos,2004,32
7096,Lionel Chalmers,2004,33
7097,Donta Smith,2004,34
7098,Andre Emmett,2004,35
7099,Antonio Burks,2004,36
7100,Royal Ivey,2004,37
7101,Chris Duhon,2004,38
7102,Albert Miralles,2004,39
7103,Justin Reed,2004,40
7104,David Young,2004,41
7105,Viktor Sanikidze,2004,42
7106,Trevor Ariza,2004,43
7107,Tim Pickett,2004,44
7108,Bernard Robinson,2004,45
7109,Ha Seung-Jin,2004,46
7110,Pape Sow,2004,47
7111,Ricky Minard,2004,48
7112,Sergei Lishouk,2004,49
7113,Vassilis Spanoulis,2004,50
7114,Christian Drejer,2004,51
7115,Romain Sato,2004,52
7116,Matt Freije,2004,53
7117,Rickey Paulding,2004,54
7118,Luis Flores,2004,55
7119,Marcus Douthit,2004,56
7120,Sergei Karaulov,2004,57
7121,Blake Stepp,2004,58
7122,Rashad Wright,2004,59
7123,Andrew Bogut,2005,1
7124,Marvin Williams,2005,2
7125,Deron Williams,2005,3
7126,Chris Paul,2005,4
7127,Raymond Felton,2005,5
7128,Martell Webster,2005,6
7129,Charlie Villanueva,2005,7
7130,Channing Frye,2005,8
7131,Ike Diogu,2005,9
7132,Andrew Bynum,2005,10
7133,Fran Vazquez,2005,11
7134,Yaroslav Korolev,2005,12
7135,Sean May,2005,13
7136,Rashad McCants,2005,14
7137,Antoine Wright,2005,15
7138,Joey Graham,2005,16
7139,Danny Granger,2005,17
7140,Gerald Green,2005,18
7141,Hakim Warrick,2005,19
7142,Julius Hodge,2005,20
7143,Nate Robinson,2005,21
7144,Jarrett Jack,2005,22
7145,Francisco Garcia,2005,23
7146,Luther Head,2005,24
7147,Johan Petro,2005,25
7148,Jason Maxiell,2005,26
7149,Linas Kleiza,2005,27
7150,Ian Mahinmi,2005,28
7151,Wayne Simien,2005,29
7152,David Lee,2005,30
7153,Salim Stoudamire,2005,31
7154,Daniel Ewing,2005,32
7155,Brandon Bass,2005,33
7156,C.J. Miles,2005,34
7157,Ricky Sanchez,2005,35
7158,Ersan Ilyasova,2005,36
7159,Ronny Turiaf,2005,37
7160,Travis Diener,2005,38
7161,Von Wafer,2005,39
7162,Monta Ellis,2005,40
7163,Roko Ukic,2005,41
7164,Chris Taft,2005,42
7165,Mile Ilic,2005,43
7166,Martynas Andriuskevicius,2005,44
7167,Louis Williams,2005,45
7168,Erazem Lorbek,2005,46
7169,Bracey Wright,2005,47
7170,Mickael Gelabale,2005,48
7171,Andray Blatche,2005,49
7172,Ryan Gomes,2005,50
7173,Robert Whaley,2005,51
7174,Axel Hervelle,2005,52
7175,Orien Greene,2005,53
7176,Dijon Thompson,2005,54
7177,Lawrence Roberts,2005,55
7178,Amir Johnson,2005,56
7179,Marcin Gortat,2005,57
7180,Uros Slokar,2005,58
7181,Cenk Akyol,2005,59
7182,Alex Acker,2005,60
7183,Andrea Bargnani,2006,1
7184,LaMarcus Aldridge,2006,2
7185,Adam Morrison,2006,3
7186,Tyrus Thomas,2006,4
7187,Shelden Williams,2006,5
7188,Brandon Roy,2006,6
7189,Randy Foye,2006,7
7190,Rudy Gay,2006,8
7191,Patrick O'Bryant,2006,9
7192,Mouhamed Sene,2006,10
7193,J.J. Redick,2006,11
7194,Hilton Armstrong,2006,12
7195,Thabo Sefolosha,2006,13
7196,Ronnie Brewer,2006,14
7197,Cedric Simmons,2006,15
7198,Rodney Carney,2006,16
7199,Shawne Williams,2006,17
7200,Oleksiy Pecherov,2006,18
7201,Quincy Douby,2006,19
7202,Renaldo Balkman,2006,20
7203,Rajon Rondo,2006,21
7204,Marcus Williams,2006,22
7205,Josh Boone,2006,23
7206,Kyle Lowry,2006,24
7207,Shannon Brown,2006,25
7208,Jordan Farmar,2006,26
7209,Sergio Rodriguez,2006,27
7210,Maurice Ager,2006,28
7211,Mardy Collins,2006,29
7212,Joel Freeland,2006,30
7213,James White,2006,31
7214,Steve Novak,2006,32
7215,Solomon Jones,2006,33
7216,Paul Davis,2006,34
7217,P.J. Tucker,2006,35
7218,Craig Smith,2006,36
7219,Bobby Jones,2006,37
7220,Kosta Perovic,2006,38
7221,David Noel,2006,39
7222,Denham Brown,2006,40
7223,James Augustine,2006,41
7224,Daniel Gibson,2006,42
7225,Marcus Vinicius,2006,43
7226,Lior Eliyahu,2006,44
7227,Alexander Johnson,2006,45
7228,Dee Brown,2006,46
7229,Paul Millsap,2006,47
7230,Vladimir Veremeenko,2006,48
7231,Leon Powe,2006,49
7232,Ryan Hollins,2006,50
7233,Cheikh Samb,2006,51
7234,Guillermo Diaz,2006,52
7235,Yotam Halperin,2006,53
7236,Hassan Adams,2006,54
7237,Ejike Ugboaja,2006,55
7238,Edin Bavcic,2006,56
7239,Loukas Mavrokefalidis,2006,57
7240,J.R. Pinnock,2006,58
7241,Damir Markota,2006,59
7242,Will Blalock,2006,60
7243,Greg Oden,2007,1
7244,Kevin Durant,2007,2
7245,Al Horford,2007,3
7246,Mike Conley,2007,4
7247,Jeff Green,2007,5
7248,Yi Jianlian,2007,6
7249,Corey Brewer,2007,7
7250,Brandan Wright,2007,8
7251,Joakim Noah,2007,9
7252,Spencer Hawes,2007,10
7253,Acie Law,2007,11
7254,Thaddeus Young,2007,12
7255,Julian Wright,2007,13
7256,Al Thornton,2007,14
7257,Rodney Stuckey,2007,15
7258,Nick Young,2007,16
7259,Sean Williams,2007,17
7260,Marco Belinelli,2007,18
7261,Javaris Crittenton,2007,19
7262,Jason Smith,2007,20
7263,Daequan Cook,2007,21
7264,Jared Dudley,2007,22
7265,Wilson Chandler,2007,23
7266,Rudy Fernandez,2007,24
7267,Morris Almond,2007,25
7268,Aaron Brooks,2007,26
7269,Arron Afflalo,2007,27
7270,Tiago Splitter,2007,28
7271,Alando Tucker,2007,29
7272,Petteri Koponen,2007,30
7273,Carl Landry,2007,31
7274,Gabe Pruitt,2007,32
7275,Marcus Williams,2007,33
7276,Nick Fazekas,2007,34
7277,Glen Davis,2007,35
7278,Jermareo Davidson,2007,36
7279,Josh McRoberts,2007,37
7280,Kyrylo Fesenko,2007,38
7281,Stanko Barac,2007,39
7282,Sun Yue,2007,40
7283,Chris Richard,2007,41
7284,Derrick Byars,2007,42
7285,Adam Haluska,2007,43
7286,Reyshawn Terry,2007,44
7287,Jared Jordan,2007,45
7288,Stephane Lasme,2007,46
7289,Dominic McGuire,2007,47
7290,Marc Gasol,2007,48
7291,Aaron Gray,2007,49
7292,Renaldas Seibutis,2007,50
7293,JamesOn Curry,2007,51
7294,Taurean Green,2007,52
7295,Demetris Nichols,2007,53
7296,Brad Newley,2007,54
7297,Herbert Hill,2007,55
7298,Ramon Sessions,2007,56
7299,Sammy Mejia,2007,57
7300,Giorgos Printezis,2007,58
7301,D.J. Strawberry,2007,59
7302,Milovan Rakovic,2007,60
7303,Derrick Rose,2008,1
7304,Michael Beasley,2008,2
7305,O.J. Mayo,2008,3
7306,Russell Westbrook,2008,4
7307,Kevin Love,2008,5
7308,Danilo Gallinari,2008,6
7309,Eric Gordon,2008,7
7310,Joe Alexander,2008,8
7311,D.J. Augustin,2008,9
7312,Brook Lopez,2008,10
7313,Jerryd Bayless,2008,11
7314,Jason Thompson,2008,12
7315,Brandon Rush,2008,13
7316,Anthony Randolph,2008,14
7317,Robin Lopez,2008,15
7318,Marreese Speights,2008,16
7319,Roy Hibbert,2008,17
7320,JaVale McGee,2008,18
7321,J.J. Hickson,2008,19
7322,Alexis Ajinca,2008,20
7323,Ryan Anderson,2008,21
7324,Courtney Lee,2008,22
7325,Kosta Koufos,2008,23
7326,Serge Ibaka,2008,24
7327,Nicolas Batum,2008,25
7328,George Hill,2008,26
7329,Darrell Arthur,2008,27
7330,Donte Greene,2008,28
7331,D.J. White,2008,29
7332,J.R. Giddens,2008,30
7333,Nikola Pekovic,2008,31
7334,Walter Sharpe,2008,32
7335,Joey Dorsey,2008,33
7336,Mario Chalmers,2008,34
7337,DeAndre Jordan,2008,35
7338,Omer Asik,2008,36
7339,Luc Mbah a Moute,2008,37
7340,Kyle Weaver,2008,38
7341,Sonny Weems,2008,39
7342,Chris Douglas-Roberts,2008,40
7343,Nathan Jawai,2008,41
7344,Sean Singletary,2008,42
7345,Patrick Ewing,2008,43
7346,Ante Tomic,2008,44
7347,Goran Dragic,2008,45
7348,Trent Plaisted,2008,46
7349,Bill Walker,2008,47
7350,Malik Hairston,2008,48
7351,Richard Hendrix,2008,49
7352,DeVon Hardin,2008,50
7353,Shan Foster,2008,51
7354,Darnell Jackson,2008,52
7355,Tadija Dragicevic,2008,53
7356,Maarty Leunen,2008,54
7357,Mike Taylor,2008,55
7358,Sasha Kaun,2008,56
7359,James Gist,2008,57
7360,Joe Crawford,2008,58
7361,Deron Washington,2008,59
7362,Semih Erden,2008,60
7363,Blake Griffin,2009,1
7364,Hasheem Thabeet,2009,2
7365,James Harden,2009,3
7366,Tyreke Evans,2009,4
7367,Ricky Rubio,2009,5
7368,Jonny Flynn,2009,6
7369,Stephen Curry,2009,7
7370,Jordan Hill,2009,8
7371,DeMar DeRozan,2009,9
7372,Brandon Jennings,2009,10
7373,Terrence Williams,2009,11
7374,Gerald Henderson,2009,12
7375,Tyler Hansbrough,2009,13
7376,Earl Clark,2009,14
7377,Austin Daye,2009,15
7378,James Johnson,2009,16
7379,Jrue Holiday,2009,17
7380,Ty Lawson,2009,18
7381,Jeff Teague,2009,19
7382,Eric Maynor,2009,20
7383,Darren Collison,2009,21
7384,Victor Claver,2009,22
7385,Omri Casspi,2009,23
7386,Byron Mullens,2009,24
7387,Rodrigue Beaubois,2009,25
7388,Taj Gibson,2009,26
7389,DeMarre Carroll,2009,27
7390,Wayne Ellington,2009,28
7391,Toney Douglas,2009,29
7392,Christian Eyenga,2009,30
7393,Jeff Pendergraph,2009,31
7394,Jermaine Taylor,2009,32
7395,Dante Cunningham,2009,33
7396,Sergio Llull,2009,34
7397,DaJuan Summers,2009,35
7398,Sam Young,2009,36
7399,DeJuan Blair,2009,37
7400,Jon Brockman,2009,38
7401,Jonas Jerebko,2009,39
7402,Derrick Brown,2009,40
7403,Jodie Meeks,2009,41
7404,Patrick Beverley,2009,42
7405,Marcus Thornton,2009,43
7406,Chase Budinger,2009,44
7407,Nick Calathes,2009,45
7408,Danny Green,2009,46
7409,Henk Norel,2009,47
7410,Taylor Griffin,2009,48
7411,Sergiy Gladyr,2009,49
7412,Goran Suton,2009,50
7413,Jack McClinton,2009,51
7414,A.J. Price,2009,52
7415,Nando De Colo,2009,53
7416,Robert Vaden,2009,54
7417,Patrick Mills,2009,55
7418,Ahmad Nivins,2009,56
7419,Emir Preldzic,2009,57
7420,Lester Hudson,2009,58
7421,Chinemelu Elonu,2009,59
7422,Robert Dozier,2009,60
7423,John Wall,2010,1
7424,Evan Turner,2010,2
7425,Derrick Favors,2010,3
7426,Wesley Johnson,2010,4
7427,DeMarcus Cousins,2010,5
7428,Ekpe Udoh,2010,6
7429,Greg Monroe,2010,7
7430,Al-Farouq Aminu,2010,8
7431,Gordon Hayward,2010,9
7432,Paul George,2010,10
7433,Cole Aldrich,2010,11
7434,Xavier Henry,2010,12
7435,Ed Davis,2010,13
7436,Patrick Patterson,2010,14
7437,Larry Sanders,2010,15
7438,Luke Babbitt,2010,16
7439,Kevin Seraphin,2010,17
7440,Eric Bledsoe,2010,18
7441,Avery Bradley,2010,19
7442,James Anderson,2010,20
7443,Craig Brackins,2010,21
7444,Elliot Williams,2010,22
7445,Trevor Booker,2010,23
7446,Damion James,2010,24
7447,Dominique Jones,2010,25
7448,Quincy Pondexter,2010,26
7449,Jordan Crawford,2010,27
7450,Greivis Vasquez,2010,28
7451,Daniel Orton,2010,29
7452,Lazar Hayward,2010,30
7453,Tibor Pleiss,2010,31
7454,Dexter Pittman,2010,32
7455,Hassan Whiteside,2010,33
7456,Armon Johnson,2010,34
7457,Nemanja Bjelica,2010,35
7458,Terrico White,2010,36
7459,Darington Hobson,2010,37
7460,Andy Rautins,2010,38
7461,Landry Fields,2010,39
7462,Lance Stephenson,2010,40
7463,Jarvis Varnado,2010,41
7464,Da'Sean Butler,2010,42
7465,Devin Ebanks,2010,43
7466,Jerome Jordan,2010,44
7467,Paulao Prestes,2010,45
7468,Gani Lawal,2010,46
7469,Tiny Gallon,2010,47
7470,Latavious Williams,2010,48
7471,Ryan Richards,2010,49
7472,Solomon Alabi,2010,50
7473,Magnum Rolle,2010,51
7474,Luke Harangody,2010,52
7475,Pape Sy,2010,53
7476,Willie Warren,2010,54
7477,Jeremy Evans,2010,55
7478,Hamady N'Diaye,2010,56
7479,Ryan Reid,2010,57
7480,Derrick Caracter,2010,58
7481,Stanley Robinson,2010,59
7482,Dwayne Collins,2010,60
7483,Kyrie Irving,2011,1
7484,Derrick Williams,2011,2
7485,Enes Kanter,2011,3
7486,Tristan Thompson,2011,4
7487,Jonas Valanciunas,2011,5
7488,Jan Vesely,2011,6
7489,Bismack Biyombo,2011,7
7490,Brandon Knight,2011,8
7491,Kemba Walker,2011,9
7492,Jimmer Fredette,2011,10
7493,Klay Thompson,2011,11
7494,Alec Burks,2011,12
7495,Markieff Morris,2011,13
7496,Marcus Morris,2011,14
7497,Kawhi Leonard,2011,15
7498,Nikola Vucevic,2011,16
7499,Iman Shumpert,2011,17
7500,Chris Singleton,2011,18
7501,Tobias Harris,2011,19
7502,Donatas Motiejunas,2011,20
7503,Nolan Smith,2011,21
7504,Kenneth Faried,2011,22
7505,Nikola Mirotic,2011,23
7506,Reggie Jackson,2011,24
7507,MarShon Brooks,2011,25
7508,Jordan Hamilton,2011,26
7509,JaJuan Johnson,2011,27
7510,Norris Cole,2011,28
7511,Cory Joseph,2011,29
7512,Jimmy Butler,2011,30
7513,Bojan Bogdanovic,2011,31
7514,Justin Harper,2011,32
7515,Kyle Singler,2011,33
7516,Shelvin Mack,2011,34
7517,Tyler Honeycutt,2011,35
7518,Jordan Williams,2011,36
7519,Trey Thompkins,2011,37
7520,Chandler Parsons,2011,38
7521,Jeremy Tyler,2011,39
7522,Jon Leuer,2011,40
7523,Darius Morris,2011,41
7524,Davis Bertans,2011,42
7525,Malcolm Lee,2011,43
7526,Charles Jenkins,2011,44
7527,Josh Harrellson,2011,45
7528,Andrew Goudelock,2011,46
7529,Travis Leslie,2011,47
7530,Keith Benson,2011,48
7531,Josh Selby,2011,49
7532,Lavoy Allen,2011,50
7533,Jon Diebler,2011,51
7534,Vernon Macklin,2011,52
7535,DeAndre Liggins,2011,53
7536,Milan Macvan,2011,54
7537,E'Twaun Moore,2011,55
7538,Chukwudiebere Maduabum,2011,56
7539,Targuy Ngombo,2011,57
7540,Ater Majok,2011,58
7541,Adam Hanga,2011,59
7542,Isaiah Thomas,2011,60
7543,Anthony Davis,2012,1
7544,Michael Kidd-Gilchrist,2012,2
7545,Bradley Beal,2012,3
7546,Dion Waiters,2012,4
7547,Thomas Robinson,2012,5
7548,Damian Lillard,2012,6
7549,Harrison Barnes,2012,7
7550,Terrence Ross,2012,8
7551,Andre Drummond,2012,9
7552,Austin Rivers,2012,10
7553,Meyers Leonard,2012,11
7554,Jeremy Lamb,2012,12
7555,Kendall Marshall,2012,13
7556,John Henson,2012,14
7557,Maurice Harkless,2012,15
7558,Royce White,2012,16
7559,Tyler Zeller,2012,17
7560,Terrence Jones,2012,18
7561,Andrew Nicholson,2012,19
7562,Evan Fournier,2012,20
7563,Jared Sullinger,2012,21
7564,Fab Melo,2012,22
7565,John Jenkins,2012,23
7566,Jared Cunningham,2012,24
7567,Tony Wroten,2012,25
7568,Miles Plumlee,2012,26
7569,Arnett Moultrie,2012,27
7570,Perry Jones,2012,28
7571,Marquis Teague,2012,29
7572,Festus Ezeli,2012,30
7573,Jeff Taylor,2012,31
7574,Tomas Satoransky,2012,32
7575,Bernard James,2012,33
7576,Jae Crowder,2012,34
7577,Draymond Green,2012,35
7578,Orlando Johnson,2012,36
7579,Quincy Acy,2012,37
7580,Quincy Miller,2012,38
7581,Khris Middleton,2012,39
7582,Will Barton,2012,40
7583,Tyshawn Taylor,2012,41
7584,Doron Lamb,2012,42
7585,Mike Scott,2012,43
7586,Kim English,2012,44
7587,Justin Hamilton,2012,45
7588,Darius Miller,2012,46
7589,Kevin Murphy,2012,47
7590,Kostas Papanikolaou,2012,48
7591,Kyle O'Quinn,2012,49
7592,Izzet Turkyilmaz,2012,50
7593,Kris Joseph,2012,51
7594,Ognjen Kuzmic,2012,52
7595,Furkan Aldemir,2012,53
7596,Tornike Shengelia,2012,54
7597,Darius Johnson-Odom,2012,55
7598,Tomislav Zubcic,2012,56
7599,Ilkan Karaman,2012,57
7600,Robbie Hummel,2012,58
7601,Marcus Denmon,2012,59
7602,Robert Sacre,2012,60
7603,Anthony Bennett,2013,1
7604,Victor Oladipo,2013,2
7605,Otto Porter,2013,3
7606,Cody Zeller,2013,4
7607,Alex Len,2013,5
7608,Nerlens Noel,2013,6
7609,Ben McLemore,2013,7
7610,Kentavious Caldwell-Pope,2013,8
7611,Trey Burke,2013,9
7612,CJ McCollum,2013,10
7613,Michael Carter-Williams,2013,11
7614,Steven Adams,2013,12
7615,Kelly Olynyk,2013,13
7616,Shabazz Muhammad,2013,14
7617,Giannis Antetokounmpo,2013,15
7618,Lucas Nogueira,2013,16
7619,Dennis Schroder,2013,17
7620,Shane Larkin,2013,18
7621,Sergey Karasev,2013,19
7622,Tony Snell,2013,20
7623,Gorgui Dieng,2013,21
7624,Mason Plumlee,2013,22
7625,Solomon Hill,2013,23
7626,Tim Hardaway,2013,24
7627,Reggie Bullock,2013,25
7628,Andre Roberson,2013,26
7629,Rudy Gobert,2013,27
7630,Livio Jean-Charles,2013,28
7631,Archie Goodwin,2013,29
7632,Nemanja Nedovic,2013,30
7633,Allen Crabbe,2013,31
7634,Alex Abrines,2013,32
7635,Carrick Felix,2013,33
7636,Isaiah Canaan,2013,34
7637,Glen Rice,2013,35
7638,Ray McCallum,2013,36
7639,Tony Mitchell,2013,37
7640,Nate Wolters,2013,38
7641,Jeff Withey,2013,39
7642,Grant Jerrett,2013,40
7643,Jamaal Franklin,2013,41
7644,Pierre Jackson,2013,42
7645,Ricky Ledo,2013,43
7646,Mike Muscala,2013,44
7647,Marko Todorovic,2013,45
7648,Erick Green,2013,46
7649,Raul Neto,2013,47
7650,Ryan Kelly,2013,48
7651,Erik Murphy,2013,49
7652,James Ennis,2013,50
7653,Romero Osby,2013,51
7654,Lorenzo Brown,2013,52
7655,Colton Iverson,2013,53
7656,Arsalan Kazemi,2013,54
7657,Joffrey Lauvergne,2013,55
7658,Peyton Siva,2013,56
7659,Alex Oriakhi,2013,57
7660,Deshaun Thomas,2013,58
7661,Bojan Dubljevic,2013,59
7662,Janis Timma,2013,60
7663,Andrew Wiggins,2014,1
7664,Jabari Parker,2014,2
7665,Joel Embiid,2014,3
7666,Aaron Gordon,2014,4
7667,Dante Exum,2014,5
7668,Marcus Smart,2014,6
7669,Julius Randle,2014,7
7670,Nik Stauskas,2014,8
7671,Noah Vonleh,2014,9
7672,Elfrid Payton,2014,10
7673,Doug McDermott,2014,11
7674,Dario Saric,2014,12
7675,Zach LaVine,2014,13
7676,T.J. Warren,2014,14
7677,Adreian Payne,2014,15
7678,Jusuf Nurkic,2014,16
7679,James Young,2014,17
7680,Tyler Ennis,2014,18
7681,Gary Harris,2014,19
7682,Bruno Caboclo,2014,20
7683,Mitch McGary,2014,21
7684,Jordan Adams,2014,22
7685,Rodney Hood,2014,23
7686,Shabazz Napier,2014,24
7687,Clint Capela,2014,25
7688,P.J. Hairston,2014,26
7689,Bogdan Bogdanovic,2014,27
7690,C.J. Wilcox,2014,28
7691,Josh Huestis,2014,29
7692,Kyle Anderson,2014,30
7693,Damien Inglis,2014,31
7694,K.J. McDaniels,2014,32
7695,Joe Harris,2014,33
7696,Cleanthony Early,2014,34
7697,Jarnell Stokes,2014,35
7698,Johnny O'Bryant III,2014,36
7699,DeAndre Daniels,2014,37
7700,Spencer Dinwiddie,2014,38
7701,Jerami Grant,2014,39
7702,Glenn Robinson III,2014,40
7703,Nikola Jokic,2014,41
7704,Nick Johnson,2014,42
7705,Walter Tavares,2014,43
7706,Markel Brown,2014,44
7707,Dwight Powell,2014,45
7708,Jordan Clarkson,2014,46
7709,Russ Smith,2014,47
7710,Lamar Patterson,2014,48
7711,Cameron Bairstow,2014,49
7712,Alec Brown,2014,50
7713,Thanasis Antetokounmpo,2014,51
7714,Vasilije Micic,2014,52
7715,Alessandro Gentile,2014,53
7716,Nemanja Dangubic,2014,54
7717,Semaj Christon,2014,55
7718,Roy Devyn Marble,2014,56
7719,Louis Labeyrie,2014,57
7720,Jordan McRae,2014,58
7721,Xavier Thames,2014,59
7722,Cory Jefferson,2014,60
7723,Karl-Anthony Towns,2015,1
7724,D'Angelo Russell,2015,2
7725,Jahlil Okafor,2015,3
7726,Kristaps Porzingis,2015,4
7727,Mario Hezonja,2015,5
7728,Willie Cauley-Stein,2015,6
7729,Emmanuel Mudiay,2015,7
7730,Stanley Johnson,2015,8
7731,Frank Kaminsky,2015,9
7732,Justise Winslow,2015,10
7733,Myles Turner,2015,11
7734,Trey Lyles,2015,12
7735,Devin Booker,2015,13
7736,Cameron Payne,2015,14
7737,Kelly Oubre,2015,15
7738,Terry Rozier,2015,16
7739,Rashad Vaughn,2015,17
7740,Sam Dekker,2015,18
7741,Jerian Grant,2015,19
7742,Delon Wright,2015,20
7743,Justin Anderson,2015,21
7744,Bobby Portis,2015,22
7745,Rondae Hollis-Jefferson,2015,23
7746,Tyus Jones,2015,24
7747,Jarell Martin,2015,25
7748,Nikola Milutinov,2015,26
7749,Larry Nance Jr.,2015,27
7750,R.J. Hunter,2015,28
7751,Chris McCullough,2015,29
7752,Kevon Looney,2015,30
7753,Cedi Osman,2015,31
7754,Montrezl Harrell,2015,32
7755,Jordan Mickey,2015,33
7756,Anthony Brown,2015,34
7757,Willy Hernangomez,2015,35
7758,Rakeem Christmas,2015,36
7759,Richaun Holmes,2015,37
7760,Darrun Hilliard,2015,38
7761,Juan Pablo Vaulet,2015,39
7762,Josh Richardson,2015,40
7763,Pat Connaughton,2015,41
7764,Olivier Hanlan,2015,42
7765,Joseph Young,2015,43
7766,Andrew Harrison,2015,44
7767,Marcus Thornton,2015,45
7768,Norman Powell,2015,46
7769,Arturas Gudaitis,2015,47
7770,Dakari Johnson,2015,48
7771,Aaron White,2015,49
7772,Marcus Eriksson,2015,50
7773,Tyler Harvey,2015,51
7774,Satnam Singh,2015,52
7775,Sir'Dominic Pointer,2015,53
7776,Dani Diez,2015,54
7777,Cady Lalanne,2015,55
7778,Branden Dawson,2015,56
7779,Nikola Radicevic,2015,57
7780,J.P. Tokoto,2015,58
7781,Dimitrios Agravanis,2015,59
7782,Luka Mitrovic,2015,60
7783,Ben Simmons,2016,1
7784,Brandon Ingram,2016,2
7785,Jaylen Brown,2016,3
7786,Dragan Bender,2016,4
7787,Kris Dunn,2016,5
7788,Buddy Hield,2016,6
7789,Jamal Murray,2016,7
7790,Marquese Chriss,2016,8
7791,Jakob Poeltl,2016,9
7792,Thon Maker,2016,10
7793,Domantas Sabonis,2016,11
7794,Taurean Prince,2016,12
7795,Georgios Papagiannis,2016,13
7796,Denzel Valentine,2016,14
7797,Juan Hernangomez,2016,15
7798,Guerschon Yabusele,2016,16
7799,Wade Baldwin,2016,17
7800,Henry Ellenson,2016,18
7801,Malik Beasley,2016,19
7802,Caris LeVert,2016,20
7803,DeAndre Bembry,2016,21
7804,Malachi Richardson,2016,22
7805,Ante Zizic,2016,23
7806,Timothe Luwawu,2016,24
7807,Brice Johnson,2016,25
7808,Furkan Korkmaz,2016,26
7809,Pascal Siakam,2016,27
7810,Skal Labissiere,2016,28
7811,Dejounte Murray,2016,29
7812,Damian Jones,2016,30
7813,Deyonta Davis,2016,31
7814,Ivica Zubac,2016,32
7815,Cheick Diallo,2016,33
7816,Tyler Ulis,2016,34
7817,Rade Zagorac,2016,35
7818,Malcolm Brogdon,2016,36
7819,Chinanu Onuaku,2016,37
7820,Patrick McCaw,2016,38
7821,David Michineau,2016,39
7822,Diamond Stone,2016,40
7823,Stephen Zimmerman,2016,41
7824,Isaiah Whitehead,2016,42
7825,Zhou Qi,2016,43
7826,Isaia Cordinier,2016,44
7827,Demetrius Jackson,2016,45
7828,A.J. Hammons,2016,46
7829,Jake Layman,2016,47
7830,Paul Zipser,2016,48
7831,Michael Gbinije,2016,49
7832,Georges Niang,2016,50
7833,Ben Bentil,2016,51
7834,Joel Bolomboy,2016,52
7835,Petr Cornelie,2016,53
7836,Kay Felder,2016,54
7837,Marcus Paige,2016,55
7838,Daniel Hamilton,2016,56
7839,Wang Zhelin,2016,57
7840,Abdel Nader,2016,58
7841,Isaiah Cousins,2016,59
7842,Tyrone Wallace,2016,60
7843,Markelle Fultz,2017,1
7844,Lonzo Ball,2017,2
7845,Jayson Tatum,2017,3
7846,Josh Jackson,2017,4
7847,De'Aaron Fox,2017,5
7848,Jonathan Isaac,2017,6
7849,Lauri Markkanen,2017,7
7850,Frank Ntilikina,2017,8
7851,Dennis Smith,2017,9
7852,Zach Collins,2017,10
7853,Malik Monk,2017,11
7854,Luke Kennard,2017,12
7855,Donovan Mitchell,2017,13
7856,Bam Adebayo,2017,14
7857,Justin Jackson,2017,15
7858,Justin Patton,2017,16
7859,D.J. Wilson,2017,17
7860,T.J. Leaf,2017,18
7861,John Collins,2017,19
7862,Harry Giles,2017,20
7863,Terrance Ferguson,2017,21
7864,Jarrett Allen,2017,22
7865,OG Anunoby,2017,23
7866,Tyler Lydon,2017,24
7867,Anzejs Pasecniks,2017,25
7868,Caleb Swanigan,2017,26
7869,Kyle Kuzma,2017,27
7870,Tony Bradley,2017,28
7871,Derrick White,2017,29
7872,Josh Hart,2017,30
7873,Frank Jackson,2017,31
7874,Davon Reed,2017,32
7875,Wesley Iwundu,2017,33
7876,Frank Mason,2017,34
7877,Ivan Rabb,2017,35
7878,Jonah Bolden,2017,36
7879,Semi Ojeleye,2017,37
7880,Jordan Bell,2017,38
7881,Jawun Evans,2017,39
7882,Dwayne Bacon,2017,40
7883,Tyler Dorsey,2017,41
7884,Thomas Bryant,2017,42
7885,Isaiah Hartenstein,2017,43
7886,Damyean Dotson,2017,44
7887,Dillon Brooks,2017,45
7888,Sterling Brown,2017,46
7889,Ike Anigbogu,2017,47
7890,Sindarius Thornwell,2017,48
7891,Vlatko Cancar,2017,49
7892,Mathias Lessort,2017,50
7893,Monte Morris,2017,51
7894,Edmond Sumner,2017,52
7895,Kadeem Allen,2017,53
7896,Alec Peters,2017,54
7897,Nigel Williams-Goss,2017,55
7898,Jabari Bird,2017,56
7899,Aleksandar Vezenkov,2017,57
7900,Ognjen Jaramaz,2017,58
7901,Jaron Blossomgame,2017,59
7902,Alpha Kaba,2017,60
7903,Deandre Ayton,2018,1
7904,Marvin Bagley,2018,2
7905,Luka Doncic,2018,3
7906,Jaren Jackson,2018,4
7907,Trae Young,2018,5
7908,Mohamed Bamba,2018,6
7909,Wendell Carter,2018,7
7910,Collin Sexton,2018,8
7911,Kevin Knox,2018,9
7912,Mikal Bridges,2018,10
7913,Shai Gilgeous-Alexander,2018,11
7914,Miles Bridges,2018,12
7915,Jerome Robinson,2018,13
7916,Michael Porter,2018,14
7917,Troy Brown,2018,15
7918,Zhaire Smith,2018,16
7919,Donte DiVincenzo,2018,17
7920,Lonnie Walker,2018,18
7921,Kevin Huerter,2018,19
7922,Josh Okogie,2018,20
7923,Grayson Allen,2018,21
7924,Chandler Hutchison,2018,22
7925,Aaron Holiday,2018,23
7926,Anfernee Simons,2018,24
7927,Moritz Wagner,2018,25
7928,Landry Shamet,2018,26
7929,Robert Williams,2018,27
7930,Jacob Evans,2018,28
7931,Dzanan Musa,2018,29
7932,Omari Spellman,2018,30
7933,Elie Okobo,2018,31
7934,Jevon Carter,2018,32
7935,Jalen Brunson,2018,33
7936,Devonte' Graham,2018,34
7937,Melvin Frazier,2018,35
7938,Mitchell Robinson,2018,36
7939,Gary Trent,2018,37
7940,Khyri Thomas,2018,38
7941,Isaac Bonga,2018,39
7942,Rodions Kurucs,2018,40
7943,Jarred Vanderbilt,2018,41
7944,Bruce Brown,2018,42
7945,Justin Jackson,2018,43
7946,Issuf Sanon,2018,44
7947,Hamidou Diallo,2018,45
7948,De'Anthony Melton,2018,46
7949,Sviatoslav Mykhailiuk,2018,47
7950,Keita Bates-Diop,2018,48
7951,Chimezie Metu,2018,49
7952,Alize Johnson,2018,50
7953,Tony Carr,2018,51
7954,Vince Edwards,2018,52
7955,Devon Hall,2018,53
7956,Shake Milton,2018,54
7957,Arnoldas Kulboka,2018,55
7958,Ray Spalding,2018,56
7959,Kevin Hervey,2018,57
7960,Thomas Welsh,2018,58
7961,George King,2018,59
7962,Kostas Antetokounmpo,2018,60
